Season (raw),Hero (raw),Role (raw),Assists (raw),Assists - Most in Game (raw),Critical Hit Damage (raw),Critical Hit Damage - Most in Game (raw),Critical Hit Kills (raw),Critical Hit Kills - Most in Game (raw),Critical Hits (raw),Critical Hits - Most in Game (raw),Critical Hits - Most in Life (raw),Damage Done (raw),Damage Done - Most in Game (raw),Damage Done - Most in Life (raw),Deaths (raw),Defensive Assists (raw),Defensive Assists - Most in Game (raw),Eliminations (raw),Eliminations - Most in Game (raw),Eliminations - Most in Life (raw),Final Blows (raw),Final Blows - Most in Game (raw),Games Played (raw),Games Tied (raw),Games Won (raw),Healing Accuracy - Best in Game (raw),Healing Done (raw),Healing Done - Most in Game (raw),Hero Damage Done (raw),Hero Damage Done - Most in Game (raw),Hero Damage Done - Most in Life (raw),Hero Wins (raw),Kill Streak - Best (raw),Melee Kills (raw),Obj Contest Time (raw),Obj Contest Time - Most in Game (raw),Objective Kills (raw),Objective Kills - Most in Game (raw),Objective Time (raw),Objective Time - Most in Game (raw),Offensive Assists (raw),Offensive Assists - Most in Game (raw),Scoped Accuracy - Best in Game (raw),Scoped Critical Hit Kills (raw),Scoped Critical Hits (raw),Scoped Critical Hits - Most in Game (raw),Self Healing (raw),Self Healing - Most in Game (raw),Solo Kills (raw),Solo Kills - Most in Game (raw),Time Played (raw),Time Spent on Fire (raw),Time Spent on Fire - Most in Game (raw),Ultimate Damage (raw),Weapon Accuracy - Best in Game (raw)
Season 01,Hanzo,Damage,0,0,0,0,0,0,0,0,0,649,649,649,1,0,0,0,0,0,0,0,0,0,0,0,0,0,649,649,649,0,0,0,0,0,0,0,0,0,0,0,0,0,0,0,0,0,0,0,35,0,0,0,0
Season 01,Lúcio,Support,7,10,0,0,1,1,20,20,5,"4,757","4,757",871,8,9,9,10,10,4,3,3,1,0,0,0,"9,920","9,920","4,472","4,472",871,0,4,0,42,42,4,4,109,109,4,4,0,0,0,0,"2,063","2,063",0,0,591,0,0,0,0
Season 01,Mercy,Support,11,11,0,0,0,0,1,1,1,60,60,60,5,11,11,0,0,0,0,0,1,0,0,0,"6,658","6,658",60,60,60,0,0,0,7,7,0,0,37,37,5,5,0,0,0,0,"1,119","1,119",0,0,416,0,0,0,1
Season 01,Moira,Support,24,17,0,0,0,0,0,0,0,"7,205","4,379","2,918",7,22,18,29,24,16,5,4,2,0,1,0,"15,725","7,889","5,704","3,330","1,911",1,16,0,28,13,11,11,216,197,0,0,0,0,0,0,"2,069","1,137",0,0,898,0,0,0,0
Season 01,Soldier: 76,Damage,8,5,0,0,1,1,23,19,5,"13,353","10,720","2,942",11,7,7,23,23,6,15,15,2,0,1,0,"2,230","1,709","8,466","6,840","1,845",1,6,0,19,19,7,7,27,27,0,0,0,0,0,0,"1,347","1,031",1,1,633,0,0,0,0
Season 01,Sombra,Damage,2,1,0,0,0,0,3,0,0,"3,057","3,057","1,525",3,0,0,2,2,1,0,0,1,0,0,0,0,0,"2,616","2,616","1,525",0,1,0,16,16,1,1,39,39,1,1,0,0,0,0,0,0,0,0,249,0,0,0,0
Season 02,Ana,Support,203,28,0,0,0,0,0,0,0,"103,300","6,273","2,192",170,326,27,267,30,10,64,10,25,0,12,0,"227,999","15,996","78,432","4,638","2,027",12,10,0,831,120,143,14,"1,829",156,224,18,1,0,0,0,"4,096",402,5,1,"16,914",0,0,0,1
Season 02,Ashe,Damage,37,3,0,0,9,3,55,9,9,"44,901","8,349","4,953",31,0,0,64,15,14,26,6,4,0,1,0,0,0,"34,920","7,971","4,878",1,14,0,174,56,22,7,445,97,0,0,1,8,37,7,0,0,4,1,"2,573",0,0,0,0
Season 02,Baptiste,Support,102,31,0,0,9,3,205,40,15,"50,459","6,296","2,664",61,201,34,142,24,10,40,9,9,0,6,1,"111,317","17,991","39,779","5,009","1,914",6,10,0,258,51,70,9,777,169,32,6,0,0,0,0,"7,823","1,305",3,1,"6,698",0,0,0,0
Season 02,Bastion,Damage,203,5,0,0,18,3,356,32,11,"318,899","24,945","10,907",163,0,0,426,37,21,223,21,19,0,9,0,0,0,"223,761","15,217","7,001",9,21,0,619,117,204,24,"1,719",212,0,0,0,0,0,0,0,0,21,4,"12,001",0,0,0,0
Season 02,Brigitte,Support,17,23,0,0,0,0,0,0,0,"3,752","3,495","1,948",3,28,0,23,23,13,5,5,1,0,1,0,"6,711","6,289","3,402","3,209","1,662",1,13,0,43,43,7,7,56,50,7,0,0,0,0,0,"1,283",0,1,1,419,0,0,0,0
Season 02,Cassidy,Damage,24,0,0,0,4,1,23,5,4,"30,297","5,605","3,060",18,0,0,58,11,8,34,8,3,0,1,0,0,0,"24,429","4,325","2,810",1,8,0,84,27,25,5,277,83,0,0,0,0,0,0,0,0,7,2,"1,696",0,0,0,1
Season 02,D.Va,Tank,13,7,0,0,2,2,293,181,57,"13,158","9,971","3,797",6,0,0,25,21,10,12,10,1,0,1,0,0,0,"7,973","5,900","1,917",1,10,0,43,34,6,3,43,34,0,0,0,0,0,0,0,0,1,1,585,0,0,0,0
Season 02,Echo,Damage,12,0,0,0,0,0,34,17,16,"11,905","5,247","3,527",8,0,0,16,9,8,4,2,1,0,0,0,0,0,"8,309","3,463","1,835",0,8,0,86,45,12,6,112,45,0,0,0,0,0,0,0,0,1,1,607,0,0,0,0
Season 02,Genji,Damage,0,0,0,0,0,0,1,1,1,"1,411","1,411","1,411",1,0,0,0,0,0,0,0,0,0,0,0,0,0,638,638,638,0,0,0,0,0,0,0,0,0,0,0,0,0,0,0,0,0,0,0,74,0,0,0,0
Season 02,Hanzo,Damage,166,12,0,0,123,11,294,33,11,"248,965","20,630","7,010",144,0,0,467,39,16,301,27,19,0,10,0,0,0,"209,434","16,066","6,333",10,16,0,346,119,166,21,"1,090",119,0,0,0,0,0,0,0,0,64,7,"13,498",0,0,0,1
Season 02,Junker Queen,Tank,65,14,0,0,0,0,0,0,0,"43,903","9,252","4,860",28,0,0,104,29,16,39,10,4,0,3,0,"7,541","1,720","40,392","8,487","3,971",3,16,0,574,262,55,21,617,262,0,0,0,0,0,0,"6,472","1,434",3,1,"2,785",0,0,0,0
Season 02,Junkrat,Damage,111,7,0,0,0,0,0,0,0,"127,092","16,376","13,967",65,0,0,224,26,16,113,15,10,0,6,0,0,0,"95,312","11,278","9,038",6,16,0,113,30,69,8,330,67,55,7,0,0,0,0,0,0,26,5,"6,007",0,0,0,0
Season 02,Kiriko,Support,139,51,0,0,23,3,160,19,7,"59,875","5,556","2,280",196,785,53,194,14,6,55,6,38,0,19,0,"447,508","26,939","46,292","4,876","2,000",19,6,0,"1,329",168,91,10,"2,591",190,281,14,0,0,0,0,0,0,5,1,"24,416",0,0,0,1
Season 02,Lúcio,Support,178,20,0,0,7,3,253,27,12,"83,802","11,552","5,838",85,203,18,217,23,11,36,8,15,0,9,0,"151,475","14,213","58,202","5,578","2,860",9,11,0,862,101,100,14,"1,274",116,81,8,0,0,0,0,"24,566","2,973",3,2,"10,002",0,0,0,1
Season 02,Mei,Damage,8,5,0,0,0,0,0,0,0,"28,155","17,026","6,964",8,0,0,20,16,10,12,9,1,0,1,0,"1,120",618,"6,111","4,181","1,615",1,10,0,78,59,6,5,85,59,6,5,0,0,0,0,"1,120",618,2,1,591,0,0,0,1
Season 02,Mercy,Support,13,44,0,0,2,1,14,3,2,"2,441",330,222,164,660,45,17,3,3,4,1,26,0,12,0,"344,249","27,529","1,964",292,222,12,3,0,824,139,4,2,"1,843",139,190,15,0,0,0,0,"32,922","2,833",1,1,"18,855",0,0,0,1
Season 02,Moira,Support,467,42,0,0,0,0,0,0,0,"165,251","9,492","5,209",161,644,46,620,46,15,153,12,35,0,18,0,"365,569","19,200","146,737","7,965","4,797",18,15,0,"1,850",175,346,25,"2,966",188,0,0,0,0,0,0,"43,977","2,767",10,2,"20,752",0,0,0,0
Season 02,Orisa,Tank,141,15,0,0,0,0,0,0,0,"147,797","30,127","7,654",80,0,0,222,38,12,78,15,10,0,4,0,0,0,"119,244","18,301","4,842",4,12,0,887,296,109,21,"1,417",296,62,15,0,0,0,0,0,0,5,3,"6,765",0,0,0,0
Season 02,Pharah,Damage,6,2,0,0,0,0,0,0,0,"3,323","3,323","1,848",4,0,0,8,8,8,2,2,0,0,0,0,0,0,"3,012","3,012","1,676",0,8,0,6,6,2,2,24,24,0,0,0,0,0,0,0,0,2,2,287,0,0,0,0
Season 02,Ramattra,Tank,29,6,0,0,1,1,241,99,35,"35,325","11,875","4,644",19,0,0,47,16,8,18,7,2,0,1,0,0,0,"30,969","9,536","3,674",1,8,0,227,116,16,6,427,161,11,6,0,0,0,0,0,0,0,0,"1,678",0,0,0,0
Season 02,Reaper,Damage,40,0,0,0,12,4,913,160,85,"43,675","7,139","3,060",36,0,0,93,18,15,53,11,5,0,1,0,"7,383","1,186","38,884","6,405","3,060",1,15,0,295,105,39,9,500,267,0,0,0,0,0,0,"7,383","1,186",10,3,"2,753",0,0,0,0
Season 02,Reinhardt,Tank,14,2,0,0,0,0,0,0,0,"23,419","9,073","4,862",13,0,0,39,19,13,25,12,2,0,1,0,0,0,"21,298","7,972","4,281",1,13,0,324,218,18,12,552,293,6,2,0,0,0,0,0,0,2,2,"1,360",0,0,0,0
Season 02,Roadhog,Tank,53,5,0,0,15,5,"1,088",152,130,"65,345","18,616","6,685",44,0,0,120,29,15,62,20,5,0,3,0,"30,531","6,299","56,557","11,632","4,855",3,15,0,440,95,58,13,"1,067",308,18,5,0,0,0,0,"30,531","6,299",1,1,"3,783",0,0,0,0
Season 02,Sigma,Tank,81,8,0,0,0,0,0,0,0,"76,386","18,614","5,237",33,0,0,127,40,12,45,16,6,0,4,0,0,0,"67,785","16,540","3,904",4,12,0,449,164,52,15,866,269,24,0,0,0,0,0,0,0,7,3,"3,528",0,0,0,1
Season 02,Sojourn,Damage,89,6,0,0,0,0,0,0,0,"98,285","18,345","5,548",65,0,0,170,39,13,81,19,7,0,3,0,0,0,"76,863","12,746","4,848",3,13,0,191,69,82,20,539,116,0,0,0,0,0,0,0,0,6,3,"5,058",0,0,0,0
Season 02,Soldier: 76,Damage,246,9,0,0,27,5,969,87,37,"273,394","24,864","7,042",184,115,12,473,33,16,227,17,23,0,8,0,"44,821","3,419","216,867","18,442","5,688",8,16,0,887,89,214,19,"1,628",232,0,0,0,0,0,0,"21,840","1,847",23,3,"14,339",0,0,0,0
Season 02,Sombra,Damage,2,1,0,0,1,1,4,4,4,595,595,595,1,0,0,4,4,4,2,2,0,0,0,0,250,250,565,565,565,0,4,0,5,5,1,1,5,5,1,1,0,0,0,0,0,0,0,0,111,0,0,0,0
Season 02,Symmetra,Damage,32,8,0,0,0,0,0,0,0,"19,685","8,077","4,307",15,0,0,57,27,17,25,10,2,0,1,0,0,0,"18,600","7,153","4,307",1,17,0,125,49,35,19,135,54,0,0,0,0,0,0,0,0,3,2,"1,173",0,0,0,1
Season 02,Torbjörn,Damage,26,0,0,0,5,2,56,31,15,"32,929","9,640","5,290",14,0,0,48,17,8,22,8,3,0,2,0,0,0,"25,163","9,639","5,265",2,8,0,32,11,20,11,58,36,0,0,0,0,0,0,0,0,4,2,"1,535",0,0,0,0
Season 02,Widowmaker,Damage,1,3,0,0,7,3,13,4,3,"6,097","2,044","1,454",7,0,0,10,5,3,9,4,1,0,0,0,0,0,"5,476","2,044","1,204",0,3,0,1,1,1,1,7,6,0,0,1,7,10,4,0,0,5,2,477,0,0,0,0
Season 02,Winston,Tank,9,2,0,0,0,0,0,0,0,"4,601","3,045","2,086",4,0,0,11,8,4,2,2,1,0,0,0,0,0,"3,709","2,576","1,807",0,4,5,53,50,6,5,53,50,0,0,0,0,0,0,0,0,0,0,339,0,0,0,1
Season 02,Zenyatta,Support,53,34,0,0,6,3,51,20,6,"35,195","10,159","3,672",38,118,32,74,15,10,21,7,4,0,1,0,"46,134","10,421","27,662","6,463","2,565",1,10,0,56,16,31,8,429,108,65,20,0,0,0,0,948,168,3,2,"3,453",0,0,0,0
Season 03,Ana,Support,300,42,0,0,0,0,0,0,0,"142,425","7,785","5,244",184,471,34,395,31,14,95,8,32,0,14,0,"326,394","22,145","106,632","7,593","4,041",14,14,0,573,57,179,20,"2,392",262,336,28,1,0,0,0,"8,080",672,4,1,"22,736",0,0,0,0
Season 03,Ashe,Damage,107,3,0,0,51,5,199,20,9,"158,665","10,652","6,644",107,0,0,254,22,10,147,12,13,0,7,0,0,0,"130,353","8,569","5,007",7,10,0,314,39,88,8,921,130,0,0,1,50,162,15,0,0,19,2,"9,215",0,0,0,1
Season 03,Baptiste,Support,92,31,0,0,13,5,171,28,12,"59,576","7,934","3,443",84,246,31,145,18,9,53,10,13,0,7,1,"160,444","20,487","42,993","5,054","2,253",7,9,0,566,187,76,12,"1,381",255,33,6,0,0,0,0,"13,518","1,580",7,2,"9,133",0,0,0,0
Season 03,Bastion,Damage,386,6,0,0,21,2,639,36,13,"649,936","33,847","13,118",247,0,0,770,37,17,384,22,30,1,16,0,0,0,"433,958","20,253","8,918",16,17,0,827,119,332,18,"2,861",253,0,0,0,0,0,0,0,0,41,4,"23,300",0,0,0,1
Season 03,Brigitte,Support,17,11,0,0,0,0,0,0,0,"9,914","2,740","1,642",13,39,0,28,8,5,9,4,2,0,2,0,"16,334","4,933","8,795","2,425","1,537",2,5,0,102,39,13,4,112,39,10,0,0,0,0,0,"2,313",0,2,1,"1,141",0,0,0,0
Season 03,Cassidy,Damage,78,0,0,0,19,5,92,13,9,"104,718","11,374","5,361",63,0,0,180,25,13,102,15,11,0,6,0,0,0,"90,052","11,374","4,140",6,13,0,184,28,55,10,260,67,0,0,0,0,0,0,0,0,10,2,"5,489",0,0,0,1
Season 03,Hanzo,Damage,78,12,0,0,45,9,97,20,8,"95,768","19,525","9,243",61,0,0,188,39,20,110,22,8,0,6,0,0,0,"73,929","14,371","6,889",6,20,0,280,102,73,13,623,114,0,0,0,0,0,0,0,0,17,3,"5,981",0,0,0,1
Season 03,Junkrat,Damage,6,5,0,0,0,0,0,0,0,"10,934","8,969","4,128",7,0,0,19,17,6,12,10,1,0,0,0,0,0,"7,398","6,110","2,894",0,6,0,31,31,13,11,49,39,5,5,0,0,0,0,0,0,1,1,540,0,0,0,0
Season 03,Kiriko,Support,181,44,0,0,26,2,195,14,12,"86,387","5,102","2,473",177,641,43,256,20,12,75,7,34,1,14,0,"390,157","21,029","63,970","3,218","1,981",14,12,0,"1,151",174,112,9,"2,690",248,219,18,0,0,0,0,0,0,5,2,"22,416",0,0,0,1
Season 03,Lúcio,Support,192,18,0,0,6,2,181,15,12,"72,264","5,801","3,012",86,185,16,225,18,10,31,4,17,0,10,0,"151,822","12,461","54,989","4,417","2,553",10,10,0,"1,265",213,111,9,"1,466",213,124,11,0,0,0,0,"23,784","1,786",1,1,"9,670",0,0,0,1
Season 03,Mei,Damage,122,16,0,0,0,0,0,0,0,"321,469","39,324","16,311",70,0,0,189,25,14,67,9,9,0,4,0,"9,983","1,620","73,309","8,566","4,154",4,14,0,778,252,92,20,832,252,89,16,0,0,0,0,"9,983","1,620",3,1,"6,083",0,0,0,1
Season 03,Mercy,Support,19,44,0,0,1,1,13,3,3,"4,255","1,100","1,100",69,335,41,31,5,2,12,2,15,0,9,0,"164,388","17,300","3,273",640,640,9,2,0,440,108,12,3,834,108,117,15,0,0,0,0,"10,117",929,1,1,"9,645",0,0,0,0
Season 03,Moira,Support,462,35,0,0,0,0,0,0,0,"170,824","8,753","3,820",160,695,40,602,33,17,140,12,33,0,15,0,"447,454","23,316","149,168","7,698","3,472",15,17,0,"1,276",97,297,21,"2,671",207,0,0,0,0,0,0,"57,067","2,857",14,2,"21,859",0,0,0,0
Season 03,Orisa,Tank,11,6,0,0,0,0,0,0,0,"8,178","8,178","2,747",4,0,0,18,18,6,6,6,1,0,0,0,0,0,"6,968","6,968","2,327",0,6,0,184,184,12,12,184,184,6,6,0,0,0,0,0,0,1,1,418,0,0,0,0
Season 03,Pharah,Damage,22,6,0,0,0,0,0,0,0,"25,215","6,213","3,118",16,0,0,38,12,7,16,6,2,0,2,0,0,0,"21,863","5,893","3,040",2,7,0,32,9,19,7,90,39,0,0,0,0,0,0,0,0,4,2,"1,508",0,0,0,0
Season 03,Ramattra,Tank,15,5,0,0,1,1,107,65,37,"16,190","9,697","3,763",6,0,0,26,19,9,11,7,2,0,1,0,372,278,"12,363","7,438","3,278",1,9,0,103,83,12,12,187,167,5,5,0,0,0,0,0,0,0,0,641,0,0,0,0
Season 03,Reaper,Damage,38,0,0,0,7,2,994,205,79,"57,836","11,413","4,268",46,0,0,96,13,9,58,8,5,0,2,0,"8,030","1,783","50,375","11,003","4,268",2,9,0,311,37,43,8,352,42,0,0,0,0,0,0,"8,030","1,783",14,4,"3,359",0,0,0,0
Season 03,Reinhardt,Tank,13,3,0,0,0,0,0,0,0,"17,332","14,516","3,648",13,0,0,39,36,9,26,24,1,0,0,0,0,0,"15,577","13,228","3,263",0,9,0,102,75,11,10,217,190,3,3,0,0,0,0,0,0,2,2,"1,085",0,0,0,0
Season 03,Sigma,Tank,2,1,0,0,0,0,0,0,0,"6,199","6,199","3,863",4,0,0,4,4,3,2,2,0,0,0,0,0,0,"4,534","4,534","3,198",0,3,0,13,13,2,2,17,17,1,0,0,0,0,0,0,0,0,0,230,0,0,0,1
Season 03,Sojourn,Damage,85,4,0,0,0,0,0,0,0,"104,994","14,242","6,850",54,0,0,166,28,16,81,12,8,0,5,0,0,0,"86,805","13,759","6,740",5,16,0,466,174,77,16,655,174,0,0,0,0,0,0,0,0,7,3,"5,332",0,0,0,0
Season 03,Soldier: 76,Damage,204,7,0,0,14,3,689,57,35,"216,224","15,486","9,301",109,78,8,407,35,18,203,19,16,1,10,0,"30,303","2,559","180,970","13,394","8,398",10,18,0,653,92,174,16,"1,405",201,0,0,0,0,0,0,"13,510","1,084",32,5,"11,226",0,0,0,1
Season 03,Sombra,Damage,0,0,0,0,0,0,4,4,4,259,259,259,0,0,0,1,1,1,1,1,0,0,0,0,0,0,244,244,244,0,1,0,6,6,1,1,6,6,0,0,0,0,0,0,0,0,0,0,35,0,0,0,0
Season 03,Symmetra,Damage,65,5,0,0,0,0,0,0,0,"50,577","12,568","3,944",34,0,0,129,34,12,64,20,6,0,4,0,0,0,"40,619","9,837","3,307",4,12,0,213,74,61,19,258,82,0,0,0,0,0,0,0,0,9,3,"2,990",0,0,0,1
Season 03,Torbjörn,Damage,12,0,0,0,0,0,22,13,6,"17,007","7,960","3,329",9,0,0,25,14,7,13,9,1,0,0,0,0,0,"14,667","7,403","3,092",0,7,0,62,44,11,6,66,49,0,0,0,0,0,0,0,0,2,2,871,0,0,0,0
Season 03,Tracer,Damage,10,0,0,0,1,1,75,57,24,"6,270","4,703","1,596",7,0,0,17,10,6,7,4,1,0,0,0,0,0,"5,174","3,607","1,149",0,6,0,60,56,9,7,62,58,0,0,0,0,0,0,314,282,1,1,436,0,0,0,0
Season 03,Widowmaker,Damage,5,1,0,0,7,4,12,5,5,"4,319","1,404","1,313",7,0,0,12,5,5,7,4,1,0,0,0,0,0,"3,547","1,256",877,0,5,0,2,2,1,1,6,3,0,0,1,6,6,4,0,0,2,2,495,0,0,0,1
Season 03,Winston,Tank,3,1,0,0,0,0,0,0,0,"2,226","2,226","1,821",2,0,0,4,4,2,1,1,0,0,0,0,0,0,"1,901","1,901","1,554",0,2,1,49,49,3,3,49,49,0,0,0,0,0,0,0,0,0,0,105,0,0,0,0
Season 03,Zarya,Tank,0,0,0,0,0,0,0,0,0,794,794,527,2,0,0,0,0,0,0,0,0,0,0,0,0,0,794,794,527,0,0,0,1,1,0,0,1,1,0,0,0,0,0,0,0,0,0,0,83,0,0,0,0
Season 03,Zenyatta,Support,197,39,0,0,18,3,134,13,8,"124,239","11,541","5,106",101,387,42,306,35,15,109,11,14,0,8,0,"122,211","11,290","93,111","8,171","3,212",8,15,0,348,75,130,24,890,205,221,26,0,0,0,0,"2,232",325,9,2,"9,901",0,0,0,1
Season 04,Ana,Support,96,21,0,0,0,0,0,0,0,"41,339","5,233","2,256",64,156,17,120,20,10,24,4,11,0,5,0,"115,690","18,473","31,155","3,082","1,389",5,10,0,264,60,61,11,"1,105",189,97,16,1,0,0,0,"2,751",395,2,2,"7,854",0,0,0,0
Season 04,Ashe,Damage,114,1,0,0,44,5,215,17,12,"174,686","15,703","7,559",106,0,0,245,36,12,131,14,13,0,5,0,0,0,"143,495","12,653","5,611",5,12,0,268,71,92,12,740,85,0,0,1,42,163,13,0,0,23,3,"9,371",0,0,0,1
Season 04,Baptiste,Support,49,37,0,0,6,2,75,22,11,"28,500","7,285","4,890",26,145,43,80,25,13,31,9,6,0,4,1,"69,364","15,219","23,549","5,888","2,843",4,13,0,137,44,43,15,500,112,20,7,0,0,0,0,"4,309","1,005",4,3,"4,025",0,0,0,1
Season 04,Bastion,Damage,248,6,0,0,16,3,395,36,17,"411,273","24,308","14,192",168,0,0,530,33,15,282,21,25,0,10,0,0,0,"291,386","19,530","7,974",10,15,0,544,62,206,18,"2,603",227,0,0,0,0,0,0,0,0,28,3,"16,116",0,0,0,1
Season 04,Brigitte,Support,24,24,0,0,0,0,0,0,0,"7,336","4,627","1,151",11,38,0,32,22,6,8,5,1,0,1,0,"14,739","10,547","6,670","4,291",976,1,6,0,129,84,16,11,158,84,18,0,0,0,0,0,"2,265",0,2,1,924,0,0,0,0
Season 04,Cassidy,Damage,46,0,0,0,10,6,55,13,6,"58,797","9,398","4,524",46,0,0,118,29,9,72,21,7,0,4,0,0,0,"49,967","9,398","3,390",4,9,0,202,42,53,11,429,125,0,0,0,0,0,0,0,0,8,2,"3,939",0,0,0,1
Season 04,Doomfist,Tank,6,1,0,0,0,0,29,16,13,"3,933","2,338","1,466",6,0,0,10,7,4,4,2,1,0,0,0,0,0,"3,336","2,085","1,213",0,4,0,59,45,3,3,59,45,0,0,0,0,0,0,0,0,0,0,416,0,0,0,0
Season 04,Hanzo,Damage,70,10,0,0,45,12,105,19,5,"120,047","15,003","5,931",75,0,0,183,28,10,113,21,11,0,5,0,0,0,"88,609","9,509","4,763",5,10,0,111,17,56,8,488,65,0,0,0,0,0,0,0,0,34,7,"6,798",0,0,0,0
Season 04,Junker Queen,Tank,25,12,0,0,0,0,0,0,0,"19,861","12,802","4,989",8,0,0,36,18,6,11,6,2,0,1,0,"3,478","2,799","14,695","10,335","4,111",1,6,0,242,205,16,10,253,205,0,0,0,0,0,0,"3,478","2,799",0,0,911,0,0,0,0
Season 04,Junkrat,Damage,0,0,0,0,0,0,0,0,0,"2,086","1,790",910,3,0,0,1,1,1,1,1,0,0,0,0,0,0,"1,966","1,790",910,0,1,0,0,0,0,0,0,0,0,0,0,0,0,0,0,0,1,1,188,0,0,0,0
Season 04,Kiriko,Support,69,37,0,0,21,3,92,9,4,"39,377","4,582","1,594",122,388,40,114,13,6,45,6,18,0,9,0,"237,991","18,836","32,126","3,522","1,154",9,6,0,698,108,58,9,"1,613",245,137,13,0,0,0,0,0,0,6,2,"13,828",0,0,0,1
Season 04,Lúcio,Support,60,17,0,0,4,1,37,16,6,"18,316","4,841","1,701",16,60,16,73,20,13,12,5,4,0,3,0,"31,800","10,189","15,187","4,676","1,687",3,13,0,279,115,45,12,306,132,45,13,0,0,0,0,"5,028","1,584",0,0,"2,291",0,0,0,0
Season 04,Mei,Damage,197,13,0,0,0,0,0,0,0,"518,546","37,539","18,463",101,0,0,352,31,14,155,13,16,0,11,0,"15,597","1,142","118,441","8,072","4,788",11,14,0,830,141,147,13,"1,261",141,122,13,0,0,0,0,"15,597","1,142",17,3,"10,257",0,0,0,1
Season 04,Mercy,Support,8,29,0,0,5,3,22,11,7,"4,059","1,626","1,106",49,181,28,16,7,6,8,4,8,0,5,0,"103,546","13,808","3,293","1,306",986,5,6,0,224,43,6,4,464,69,81,17,0,0,0,0,"6,309",806,1,1,"5,769",0,0,0,0
Season 04,Moira,Support,497,44,0,0,0,0,0,0,0,"171,585","10,077","5,905",125,793,51,651,43,22,154,13,33,0,21,0,"425,951","25,862","150,570","8,372","4,428",21,22,0,"1,872",190,323,30,"2,718",218,0,0,0,0,0,0,"49,291","3,343",17,4,"19,968",0,0,0,0
Season 04,Pharah,Damage,2,1,0,0,0,0,0,0,0,"3,567","2,825","1,890",4,0,0,2,2,2,0,0,0,0,0,0,0,0,"3,398","2,731","1,795",0,2,0,0,0,0,0,0,0,0,0,0,0,0,0,0,0,0,0,220,0,0,0,0
Season 04,Ramattra,Tank,38,4,0,0,0,0,270,79,39,"54,278","16,455","9,548",13,0,0,75,22,19,37,10,3,0,1,0,676,284,"41,364","12,828","7,349",1,19,0,422,155,45,16,672,269,12,4,0,0,0,0,0,0,1,1,"1,962",0,0,0,0
Season 04,Reaper,Damage,48,0,0,0,16,4,"1,058",191,74,"73,678","12,543","5,142",49,0,0,130,23,10,82,14,5,0,1,0,"9,741","2,490","57,822","10,773","4,721",1,10,0,325,48,58,12,628,109,0,0,0,0,0,0,"9,741","2,490",13,3,"3,995",0,0,0,0
Season 04,Reinhardt,Tank,19,2,0,0,0,0,0,0,0,"28,592","10,270","4,096",18,0,0,38,13,8,19,7,2,0,1,0,0,0,"23,269","8,118","3,222",1,8,0,124,74,12,4,288,138,5,2,0,0,0,0,0,0,1,1,"1,666",0,0,0,0
Season 04,Sigma,Tank,23,6,0,0,0,0,0,0,0,"26,342","9,836","5,403",9,0,0,41,21,8,18,11,2,0,1,0,0,0,"22,185","7,501","4,611",1,8,0,191,98,25,15,382,289,9,0,0,0,0,0,0,0,1,1,"1,246",0,0,0,1
Season 04,Soldier: 76,Damage,92,6,0,0,8,3,361,45,26,"124,354","13,361","6,404",58,31,9,177,24,10,85,15,9,0,3,0,"16,683","1,734","97,330","10,185","4,854",3,10,0,365,120,77,17,786,120,0,0,0,0,0,0,"8,174",877,13,2,"6,150",0,0,0,0
Season 04,Sombra,Damage,0,0,0,0,0,0,1,1,1,583,583,538,1,0,0,0,0,0,0,0,0,0,0,0,130,130,583,583,538,0,0,0,0,0,0,0,0,0,0,0,0,0,0,0,0,0,0,0,79,0,0,0,0
Season 04,Symmetra,Damage,281,9,0,0,0,0,0,0,0,"245,519","13,764","6,305",145,0,0,502,39,16,221,18,22,0,13,0,0,0,"199,310","11,210","4,622",13,16,0,885,62,223,14,"1,168",147,0,0,0,0,0,0,0,0,23,3,"14,235",0,0,0,1
Season 04,Torbjörn,Damage,8,0,0,0,2,1,44,30,17,"13,957","8,373","3,304",7,0,0,19,11,6,11,8,1,0,1,0,0,0,"10,647","6,612","2,327",1,6,0,28,24,10,7,28,24,0,0,0,0,0,0,0,0,2,1,651,0,0,0,0
Season 04,Widowmaker,Damage,18,3,0,0,42,12,72,16,11,"28,791","6,243","3,335",24,0,0,75,20,9,57,15,4,0,3,0,0,0,"26,824","6,003","3,335",3,9,0,7,3,12,7,59,22,0,0,1,42,52,15,0,0,21,8,"2,216",0,0,0,1
Season 04,Winston,Tank,13,3,0,0,0,0,0,0,0,"7,801","3,525","3,265",4,0,0,20,11,11,7,4,1,0,0,0,0,0,"7,058","3,150","2,917",0,11,4,95,56,12,6,153,78,0,0,0,0,0,0,0,0,0,0,561,0,0,0,1
Season 04,Wrecking Ball,Tank,1,0,0,0,0,0,3,3,3,195,195,105,2,0,0,1,1,1,0,0,0,0,0,0,0,0,195,195,105,0,1,0,5,5,0,0,5,5,0,0,0,0,0,0,0,0,0,0,50,0,0,0,0
Season 04,Zenyatta,Support,31,34,0,0,4,2,26,6,5,"28,900","10,164","3,665",25,70,35,56,22,7,25,8,4,0,2,0,"29,146","7,971","20,861","5,938","2,232",2,7,0,58,27,29,13,397,203,36,16,0,0,0,0,528,152,3,2,"2,467",0,0,0,0
Season 05,Ana,Support,3,7,0,0,0,0,0,0,0,"2,094","2,094","2,021",1,3,3,4,4,4,1,1,0,0,0,0,"1,615","1,615","1,332","1,332","1,259",0,4,0,0,0,1,1,0,0,4,4,0,0,0,0,0,0,0,0,229,0,0,0,0
Season 05,Ashe,Damage,61,3,0,0,22,4,117,15,9,"107,458","12,626","5,600",51,0,0,140,18,9,79,11,6,0,3,0,0,0,"83,344","8,909","3,944",3,9,0,184,31,63,13,739,246,0,0,1,21,94,14,0,0,16,3,"4,920","1,085",0,0,1
Season 05,Baptiste,Support,2,3,0,0,0,0,6,6,4,"1,350","1,350",896,3,4,4,3,3,2,1,1,0,0,0,1,"2,628","2,338","1,350","1,350",896,0,2,0,8,8,3,3,76,76,0,0,0,0,0,0,432,328,0,0,259,0,0,0,0
Season 05,Bastion,Damage,101,4,0,0,3,1,181,25,10,"233,023","23,622","10,877",102,0,0,238,26,16,137,14,11,0,4,0,0,0,"144,802","14,940","6,998",4,16,0,304,39,95,13,"1,221",197,0,0,0,0,0,0,0,0,7,1,"8,217","1,880",0,0,0
Season 05,Brigitte,Support,3,10,0,0,0,0,0,0,0,"3,053","3,053","1,850",3,12,0,5,5,3,2,2,0,0,0,0,"3,535","3,535","2,285","2,285","1,432",0,3,0,18,18,2,2,18,18,3,0,0,0,0,0,797,0,0,0,233,15,0,0,0
Season 05,Cassidy,Damage,15,0,0,0,3,1,16,6,5,"18,531","9,907","2,662",15,0,0,34,17,8,19,9,2,0,2,0,0,0,"15,341","7,542","2,513",2,8,0,22,9,13,6,33,19,0,0,0,0,0,0,0,0,1,1,"1,133",182,0,0,0
Season 05,D.Va,Tank,5,1,0,0,1,1,192,168,168,"3,768","2,915","2,915",1,0,0,9,5,5,4,3,0,0,0,0,0,0,"3,426","2,737","2,737",0,5,0,1,1,2,2,9,9,0,0,0,0,0,0,0,0,0,0,188,0,0,0,0
Season 05,Genji,Damage,2,0,0,0,0,0,4,4,3,"2,520","2,520","1,390",3,0,0,3,3,3,1,1,0,0,0,0,0,0,"1,988","1,988","1,093",0,3,0,1,1,1,1,3,3,0,0,0,0,0,0,0,0,0,0,162,0,0,0,0
Season 05,Hanzo,Damage,14,8,0,0,11,5,23,8,6,"23,264","7,860","5,354",14,0,0,37,13,8,23,7,2,0,1,0,0,0,"18,711","6,947","4,625",1,8,0,51,31,15,7,78,39,0,0,0,0,0,0,0,0,6,3,"1,288",254,0,0,0
Season 05,Junker Queen,Tank,26,6,0,0,0,0,0,0,0,"20,103","9,695","3,721",12,0,0,34,18,8,7,5,2,0,1,0,"3,875","1,596","18,054","9,031","3,681",1,8,0,89,57,6,5,250,204,0,0,0,0,0,0,"3,875","1,596",0,0,"1,100",129,0,0,0
Season 05,Junkrat,Damage,1,0,0,0,0,0,0,0,0,"2,211","2,211","1,882",1,0,0,2,2,2,1,1,0,0,0,0,0,0,"1,066","1,066",737,0,2,0,0,0,2,2,0,0,0,0,0,0,0,0,0,0,1,1,61,0,0,0,0
Season 05,Kiriko,Support,14,25,0,0,3,2,21,15,6,"7,271","5,011","1,201",22,63,28,23,19,6,9,8,2,0,2,0,"30,959","13,225","6,211","4,271","1,201",2,6,0,117,65,13,12,479,200,22,9,0,0,0,0,0,0,0,0,"2,129",110,0,0,0
Season 05,Lúcio,Support,4,4,0,0,2,2,6,6,5,"1,839","1,754","1,569",4,3,3,6,6,6,2,2,0,0,0,0,"3,609","3,441","1,674","1,589","1,404",0,6,0,30,30,3,3,115,115,1,1,0,0,0,0,701,665,0,0,271,26,0,0,0
Season 05,Mei,Damage,92,15,0,0,0,0,0,0,0,"213,935","33,153","12,056",46,0,0,154,26,13,62,10,6,0,4,0,"6,954",997,"50,447","7,425","3,110",4,13,0,589,96,93,23,925,260,69,15,0,0,0,0,"6,954",997,8,2,"4,369",979,0,0,1
Season 05,Mercy,Support,1,25,0,0,0,0,1,1,1,"1,013",380,380,17,54,22,3,2,1,2,2,3,0,1,0,"40,044","15,489",658,280,183,1,1,0,136,104,3,2,181,104,28,11,0,0,0,0,"2,879","1,187",0,0,"2,059",439,0,0,0
Season 05,Moira,Support,50,29,0,0,0,0,0,0,0,"24,796","5,003","3,506",33,88,32,63,25,11,13,5,5,0,1,0,"63,532","14,896","21,526","4,639","2,543",1,11,0,309,108,35,13,587,155,0,0,0,0,0,0,"10,021","2,447",2,1,"2,986",629,0,0,0
Season 05,Orisa,Tank,4,2,0,0,0,0,0,0,0,"11,227","8,717","8,717",1,0,0,9,5,5,5,3,1,0,0,0,0,0,"6,365","4,671","4,671",0,5,0,78,44,5,4,81,44,3,2,0,0,0,0,0,0,0,0,335,77,0,0,0
Season 05,Ramattra,Tank,48,6,0,0,2,1,351,74,45,"63,547","16,432","8,683",26,0,0,87,23,17,39,9,3,0,2,0,"1,473",362,"52,564","13,238","6,862",2,17,0,397,97,40,11,728,238,16,6,0,0,0,0,0,0,1,1,"2,454",492,0,0,0
Season 05,Reaper,Damage,33,0,0,0,7,3,737,140,107,"51,116","7,007","5,647",34,0,0,78,19,16,45,13,4,0,1,0,"7,747","1,285","42,487","6,749","5,647",1,16,0,273,93,32,9,316,93,0,0,0,0,0,0,"7,747","1,285",7,2,"2,634",431,0,0,1
Season 05,Reinhardt,Tank,14,2,0,0,0,0,0,0,0,"20,558","6,893","3,444",12,0,0,37,18,8,23,12,2,0,2,0,0,0,"18,503","6,447","3,089",2,8,0,119,49,18,6,152,65,3,2,0,0,0,0,0,0,2,2,"1,138",292,0,0,0
Season 05,Sigma,Tank,360,8,0,0,0,0,0,0,0,"412,576","27,879","11,107",132,0,0,631,46,22,269,26,26,0,17,0,0,0,"323,913","25,617","9,021",17,22,0,"3,286",316,353,29,"5,744",561,94,0,0,0,0,0,0,0,18,3,"18,189","5,435",0,0,1
Season 05,Soldier: 76,Damage,6,2,0,0,4,1,74,20,17,"25,789","6,523","3,700",22,10,4,29,10,5,23,8,2,0,0,0,"3,653",907,"23,546","6,195","3,628",0,5,0,47,28,9,3,72,28,0,0,0,0,0,0,"2,236",521,3,1,"1,463",187,0,0,0
Season 05,Symmetra,Damage,17,3,0,0,0,0,0,0,0,"19,790","5,205","2,716",16,0,0,29,8,5,12,4,2,0,0,0,55,55,"16,775","4,466","2,188",0,5,0,98,33,13,3,106,38,0,0,0,0,0,0,0,0,4,2,"1,045",229,0,0,1
Season 05,Winston,Tank,4,1,0,0,0,0,0,0,0,"5,553","5,553","2,585",5,0,0,4,4,3,0,0,0,0,0,0,0,0,"5,490","5,490","2,584",0,3,2,65,65,2,2,160,160,0,0,0,0,0,0,0,0,0,0,340,51,0,0,1
Season 05,Zarya,Tank,15,11,0,0,0,0,0,0,0,"15,383","9,103","5,098",7,11,10,22,16,10,7,4,1,0,1,0,0,0,"13,839","7,624","4,607",1,10,0,157,127,14,12,159,127,1,1,0,0,0,0,0,0,0,0,712,169,0,0,1
Season 05,Zenyatta,Support,6,15,0,0,0,0,6,6,3,"4,776","4,776","2,460",4,15,15,10,10,6,4,4,1,0,1,0,"3,881","3,881","3,876","3,876","1,560",1,6,0,25,25,6,6,25,25,7,7,0,0,0,0,139,139,2,2,408,27,0,0,0
Season 06,Ana,Support,85,35,0,0,0,0,0,0,0,"32,070","5,372","2,769",55,133,30,119,19,9,34,8,13,0,6,0,"94,302","21,161","26,173","4,341","1,904",6,9,0,395,143,63,14,862,143,96,16,1,0,0,0,"1,843",505,4,1,"6,543",904,86,0,0
Season 06,Ashe,Damage,134,4,0,0,18,4,172,22,11,"154,557","17,347","5,600",90,0,0,232,32,13,98,13,13,0,5,0,0,0,"133,066","14,335","4,538",5,13,0,300,44,90,18,837,137,0,0,1,16,114,21,0,0,14,2,"8,614",944,48,0,1
Season 06,Baptiste,Support,10,5,0,0,1,1,16,13,6,"3,692","2,413",917,6,14,6,14,8,4,4,2,1,0,1,1,"7,627","3,572","3,228","2,299",759,1,4,0,16,7,6,3,43,30,2,2,0,0,0,0,579,282,1,1,631,1,1,0,0
Season 06,Bastion,Damage,191,3,0,0,13,3,239,23,11,"291,588","27,398","19,033",100,0,0,387,31,23,196,15,16,0,9,0,"5,306",490,"209,170","15,008","10,017",9,23,0,531,107,197,16,"2,120",232,0,0,0,0,0,0,0,0,8,2,"11,472","2,670",77,0,1
Season 06,Brigitte,Support,19,22,0,0,0,0,0,0,0,"7,319","4,662","2,336",10,36,0,23,18,7,4,3,2,0,1,0,"14,583","8,448","6,199","3,857","1,706",1,7,0,128,87,12,11,141,95,16,0,0,0,0,0,"2,154",0,0,0,902,180,57,0,0
Season 06,Cassidy,Damage,55,0,0,0,8,2,70,12,9,"68,755","11,671","4,667",54,0,0,115,23,11,60,11,7,0,5,0,0,0,"62,577","9,672","3,793",5,11,0,174,44,46,11,236,44,0,0,0,0,0,0,0,0,12,5,"4,837",443,54,0,0
Season 06,D.Va,Tank,9,2,0,0,0,0,99,99,73,"4,926","4,926","3,654",2,0,0,12,12,9,3,3,0,0,0,0,0,0,"4,821","4,821","3,549",0,9,0,16,16,3,3,16,16,0,0,0,0,0,0,0,0,0,0,279,48,14,0,0
Season 06,Doomfist,Tank,60,9,0,0,4,3,496,116,61,"64,970","12,243","5,858",37,0,0,126,26,14,64,13,6,0,2,0,0,0,"58,908","11,432","5,406",2,14,0,545,181,44,8,729,181,0,0,0,0,0,0,0,0,3,1,"3,723",553,43,0,0
Season 06,Echo,Damage,6,3,0,0,0,0,10,10,5,"4,151","2,864","1,580",5,0,0,10,9,5,4,4,1,0,0,0,2,2,"3,168","2,626","1,468",0,5,0,17,16,5,4,21,21,0,0,0,0,0,0,0,0,0,0,350,36,16,0,0
Season 06,Genji,Damage,2,1,0,0,0,0,11,6,5,"4,987","3,200","3,200",5,0,0,3,2,1,1,1,1,0,1,0,0,0,"3,683","2,378","2,378",1,1,0,11,6,2,2,14,8,0,0,0,0,0,0,0,0,0,0,368,8,8,0,0
Season 06,Hanzo,Damage,70,14,0,0,37,7,95,18,6,"96,582","11,170","5,676",64,0,0,188,33,10,118,22,10,0,6,0,0,0,"86,362","10,532","4,400",6,10,0,206,41,60,14,570,105,0,0,0,0,0,0,0,0,27,4,"6,461",806,40,0,0
Season 06,Illari,Support,109,19,0,0,15,4,134,21,7,"77,473","9,914","4,276",96,0,0,195,21,11,85,11,14,0,6,0,"155,070","16,754","64,315","7,794","2,788",6,11,0,444,66,81,14,"1,368",255,19,4,0,0,0,0,"10,255","1,573",9,3,"9,657",938,58,"11,375",1
Season 06,Junker Queen,Tank,28,13,0,0,0,0,0,0,0,"29,913","12,748","7,117",14,0,0,56,25,10,28,15,3,0,2,0,"5,131","2,253","25,389","10,369","5,041",2,10,0,269,133,26,15,297,133,0,0,0,0,0,0,"5,131","2,253",2,1,"1,445",314,73,0,0
Season 06,Junkrat,Damage,9,1,0,0,0,0,0,0,0,"11,851","5,317","3,776",6,0,0,16,11,6,7,4,1,0,1,0,0,0,"10,051","5,117","3,376",1,6,0,15,12,2,2,17,12,1,1,0,0,0,0,0,0,4,3,559,1,0,0,0
Season 06,Kiriko,Support,12,25,0,0,4,2,14,5,3,"6,257","2,386","1,228",20,79,26,19,8,6,7,3,4,0,2,0,"53,009","12,693","5,263","1,996","1,003",2,6,0,167,82,11,6,480,194,24,8,0,0,0,0,0,0,1,1,"2,885",247,37,0,1
Season 06,Lifeweaver,Support,31,40,0,0,0,0,125,39,31,"8,444","1,648",949,46,213,40,37,11,5,6,4,11,0,6,0,"145,468","21,486","7,647","1,624",949,6,5,0,376,76,21,5,804,170,0,0,0,0,0,0,"7,556","1,827",0,0,"7,431",265,24,0,1
Season 06,Lúcio,Support,17,8,0,0,0,0,44,24,15,"8,423","3,161","2,270",12,19,8,20,6,5,3,2,1,0,0,0,"18,402","4,989","7,413","3,161","2,270",0,5,0,167,57,14,5,246,80,8,3,0,0,0,0,"3,598","1,528",0,0,"1,172",133,38,0,0
Season 06,Mei,Damage,81,12,0,0,0,0,0,0,0,"225,081","36,288","13,725",51,0,0,134,30,7,53,12,7,0,2,0,"6,951",972,"50,288","9,644","4,445",2,7,0,579,111,68,18,940,166,49,12,0,0,0,0,"6,951",972,3,1,"4,711",733,46,0,1
Season 06,Mercy,Support,37,27,0,0,0,0,0,0,0,309,269,141,6,33,24,2,2,1,2,2,1,0,1,0,"13,526","9,678",289,249,141,1,1,0,34,25,0,0,80,55,17,16,0,0,0,0,990,656,0,0,848,73,28,0,1
Season 06,Moira,Support,183,33,0,0,0,0,0,0,0,"73,838","8,197","4,239",71,306,43,253,46,19,70,11,13,0,7,0,"188,715","20,932","63,904","7,087","3,797",7,19,0,729,110,119,22,"1,294",238,0,0,0,0,0,0,"28,210","3,288",4,1,"9,377","1,098",50,0,0
Season 06,Orisa,Tank,6,3,0,0,0,0,0,0,0,"5,604","4,409","1,840",4,0,0,7,4,4,1,1,1,0,0,0,0,0,"4,174","3,030","1,363",0,4,0,26,21,6,4,27,21,5,3,0,0,0,0,0,0,0,0,285,2,2,0,0
Season 06,Pharah,Damage,7,4,0,0,0,0,0,0,0,"10,937","4,416","2,253",9,0,0,14,5,3,7,3,1,0,1,0,0,0,"10,179","4,010","2,253",1,3,0,5,3,1,1,5,3,0,0,0,0,0,0,0,0,6,3,702,73,24,0,0
Season 06,Ramattra,Tank,79,8,0,0,2,1,516,147,61,"84,444","17,420","7,254",39,0,0,137,28,14,58,11,5,1,2,0,871,270,"66,744","13,752","6,207",2,14,0,531,95,64,13,996,262,27,8,0,0,0,0,0,0,2,1,"4,085",620,37,0,0
Season 06,Reaper,Damage,38,2,0,0,7,2,587,172,85,"35,664","9,651","5,392",24,0,0,68,26,8,30,10,3,0,2,0,"5,095","1,170","29,520","7,740","4,234",2,8,0,151,52,31,15,250,134,0,0,0,0,0,0,"5,095","1,170",5,2,"2,065",336,39,0,0
Season 06,Reinhardt,Tank,12,2,0,0,0,0,0,0,0,"19,365","7,268","5,779",14,0,0,27,12,11,15,7,1,0,0,0,0,0,"14,929","5,938","4,121",0,11,0,133,50,10,4,163,50,4,2,0,0,0,0,0,0,1,1,"1,162",151,26,0,0
Season 06,Roadhog,Tank,2,1,0,0,0,0,67,47,40,"2,570","2,044","1,522",4,0,0,2,2,2,0,0,0,0,0,0,"1,632","1,250","2,570","2,044","1,522",0,2,0,20,20,0,0,72,72,1,1,0,0,0,0,"1,632","1,250",0,0,232,0,0,0,0
Season 06,Sigma,Tank,281,10,0,0,0,0,0,0,0,"328,582","24,393","9,619",108,0,0,515,43,17,233,22,21,1,13,0,0,0,"269,427","18,703","8,246",13,17,0,"2,655",199,278,26,"5,899",561,77,0,0,0,0,0,0,0,16,3,"15,369","4,031",70,0,1
Season 06,Sojourn,Damage,69,4,0,0,0,0,0,0,0,"79,519","16,926","9,729",42,0,0,124,28,15,55,14,7,0,1,0,0,0,"64,644","14,962","8,905",1,15,0,175,74,44,13,275,74,0,0,0,0,0,0,0,0,6,3,"4,160",561,52,0,0
Season 06,Soldier: 76,Damage,139,5,0,0,17,3,455,51,23,"166,493","15,599","7,052",76,52,6,273,22,18,134,17,11,0,7,0,"23,547","2,281","141,031","15,028","6,593",7,18,0,357,166,108,18,785,197,0,0,0,0,0,0,"11,743","1,080",13,3,"8,196","1,193",59,0,0
Season 06,Sombra,Damage,0,0,0,0,0,0,10,10,10,419,419,419,1,0,0,1,1,1,1,1,0,0,0,0,25,25,419,419,419,0,1,0,3,3,0,0,5,5,0,0,0,0,0,0,0,0,0,0,68,0,0,0,0
Season 06,Symmetra,Damage,204,13,0,0,0,0,0,0,0,"172,058","12,373","5,508",93,0,0,343,31,17,139,14,16,0,10,0,720,178,"142,822","10,988","5,423",10,17,0,592,76,148,18,977,141,0,0,0,0,0,0,0,0,13,2,"9,822","1,696",41,0,1
Season 06,Torbjörn,Damage,26,0,0,0,6,3,51,13,13,"36,335","5,956","5,872",16,0,0,50,11,9,24,6,3,0,1,0,0,0,"30,846","5,956","5,872",1,9,0,80,30,20,9,166,54,0,0,0,0,0,0,0,0,3,2,"1,766",269,39,0,0
Season 06,Tracer,Damage,16,0,0,0,0,0,142,118,39,"7,993","6,384","2,998",5,0,0,23,20,10,7,6,1,0,1,0,0,0,"7,047","5,865","2,567",1,10,0,12,8,4,4,61,53,0,0,0,0,0,0,675,583,2,2,637,75,24,0,0
Season 06,Widowmaker,Damage,14,4,0,0,8,3,11,4,2,"9,682","2,825","1,500",13,0,0,28,11,7,14,4,2,0,1,0,0,0,"8,668","2,825","1,500",1,7,0,6,5,8,4,52,35,0,0,1,7,8,3,0,0,4,2,"1,142",64,21,0,1
Season 06,Winston,Tank,3,1,0,0,0,0,0,0,0,"5,163","4,114","1,987",7,0,0,4,4,2,1,1,1,0,0,0,0,0,"4,527","3,596","1,860",0,2,0,67,57,4,4,73,63,0,0,0,0,0,0,0,0,0,0,457,31,16,0,1
Season 06,Zarya,Tank,21,6,0,0,0,0,0,0,0,"37,736","15,381","6,418",18,7,5,35,12,9,14,5,2,0,0,0,0,0,"32,387","13,007","4,203",0,9,0,214,75,18,5,369,164,4,2,0,0,0,0,0,0,0,0,"1,593",200,29,0,1
Season 07,Ana,Support,70,26,0,0,0,0,0,0,0,"33,836","6,796","2,001",60,128,21,98,17,6,28,6,9,0,3,0,"97,457","16,950","26,437","4,976","1,936",3,6,0,314,129,35,8,840,129,84,16,1,0,0,0,"1,066",209,2,1,"6,396",512,45,0,0
Season 07,Ashe,Damage,18,1,0,0,4,3,21,6,6,"22,737","5,594","3,942",14,0,0,31,15,8,13,5,2,0,1,0,0,0,"18,619","5,149","3,942",1,8,0,39,15,9,6,173,126,0,0,1,3,18,6,0,0,0,0,"1,252",74,18,0,1
Season 07,Baptiste,Support,1,6,0,0,0,0,0,0,0,645,645,542,1,7,7,2,2,2,1,1,0,0,0,1,"2,504","2,504",558,558,455,0,2,0,1,1,1,1,1,1,1,1,0,0,0,0,112,112,0,0,134,14,14,0,0
Season 07,Bastion,Damage,63,4,0,0,7,2,74,14,6,"98,311","14,975","7,675",40,0,0,134,26,10,71,17,6,0,4,0,0,0,"70,289","9,387","5,279",4,10,0,186,95,70,12,504,114,0,0,0,0,0,0,0,0,5,2,"3,900",512,35,0,0
Season 07,Brigitte,Support,1,2,0,0,0,0,0,0,0,231,231,231,1,2,2,1,1,1,0,0,0,0,0,0,991,991,196,196,196,0,1,0,2,2,0,0,2,2,0,0,0,0,0,0,92,0,0,0,79,0,0,0,0
Season 07,Cassidy,Damage,41,0,0,0,4,2,66,12,6,"67,127","14,164","10,182",50,0,0,101,28,16,60,14,7,0,2,0,0,0,"55,861","10,530","6,402",2,16,0,272,105,41,9,315,105,0,0,0,0,0,0,0,0,3,1,"4,176",581,75,0,0
Season 07,Doomfist,Tank,37,16,0,0,2,1,338,149,48,"36,652","14,842","3,254",26,0,0,59,34,10,22,10,3,0,2,0,0,0,"31,977","12,628","3,110",2,10,0,297,109,27,15,333,133,0,0,0,0,0,0,0,0,0,0,"2,109",263,40,0,0
Season 07,Hanzo,Damage,185,12,0,0,123,12,256,27,11,"246,335","18,154","9,446",135,0,0,483,35,18,298,29,20,0,10,0,0,0,"205,908","15,966","7,277",10,18,0,557,76,183,18,"1,883",207,0,0,0,0,0,0,0,0,56,6,"14,915","2,423",54,0,0
Season 07,Illari,Support,9,4,0,0,2,1,12,5,5,"7,932","2,131","1,254",14,0,0,17,5,5,8,4,2,0,0,0,"16,350","4,245","6,224","1,893","1,107",0,5,0,24,8,4,2,78,55,1,1,0,0,0,0,"1,001",415,1,1,"1,140",59,24,"1,052",1
Season 07,Kiriko,Support,25,39,0,0,5,2,23,7,5,"10,829","2,712",917,61,178,39,36,7,4,11,3,10,0,6,0,"108,534","20,101","8,729","2,465",715,6,4,0,531,182,19,4,911,182,57,18,0,0,0,0,0,0,1,1,"6,210",360,39,0,1
Season 07,Lifeweaver,Support,13,23,0,0,2,1,54,15,11,"3,987","1,007",697,30,96,24,21,6,4,8,3,5,0,2,0,"57,857","16,146","3,040",823,529,2,4,0,185,81,13,4,282,89,0,0,0,0,0,0,"3,210","1,236",0,0,"3,397",186,36,0,1
Season 07,Lúcio,Support,1,2,0,0,0,0,0,0,0,30,30,30,1,1,1,1,1,1,0,0,1,0,1,0,537,537,30,30,30,1,1,0,5,5,0,0,5,5,1,1,0,0,0,0,44,44,0,0,262,0,0,0,0
Season 07,Mei,Damage,11,8,0,0,0,0,0,0,0,"49,593","20,153","11,400",12,0,0,21,15,7,10,6,2,0,0,0,"2,001","1,001","11,118","6,211","2,781",0,7,0,49,16,5,3,63,17,10,8,0,0,0,0,"2,001","1,001",0,0,952,142,29,0,1
Season 07,Mercy,Support,2,16,0,0,0,0,2,2,1,670,413,273,15,34,13,4,2,1,2,1,1,0,1,0,"19,489","9,016",550,413,273,1,1,0,25,15,0,0,140,114,16,7,0,0,0,0,918,453,0,0,"1,266",60,15,0,0
Season 07,Moira,Support,48,24,0,0,0,0,0,0,0,"16,401","7,801","2,555",16,57,29,61,27,13,13,7,2,0,0,0,"39,272","20,621","15,562","7,076","2,502",0,13,0,65,29,21,9,87,45,0,0,0,0,0,0,"6,359","3,085",0,0,"1,904",166,42,0,0
Season 07,Orisa,Tank,2,2,0,0,0,0,14,14,12,"1,463","1,463",981,3,0,0,2,2,1,0,0,0,0,0,0,0,0,"1,463","1,463",981,0,1,0,0,0,1,1,2,2,2,2,0,0,0,0,0,0,0,0,189,0,0,0,0
Season 07,Ramattra,Tank,7,0,0,0,0,0,138,84,76,"16,935","9,345","8,528",7,0,0,19,10,9,12,7,1,0,0,0,99,75,"12,748","7,038","6,549",0,9,0,52,27,9,5,182,101,0,0,0,0,0,0,0,0,0,0,733,119,26,0,0
Season 07,Reaper,Damage,15,0,0,0,7,3,450,143,101,"25,778","9,013","4,577",13,0,0,37,8,7,22,8,2,0,1,0,"3,084","1,191","18,904","6,340","4,339",1,7,0,366,156,21,7,427,156,0,0,0,0,0,0,"3,084","1,191",6,4,"1,327",184,45,0,0
Season 07,Reinhardt,Tank,2,0,0,0,0,0,0,0,0,"1,253","1,253",756,2,0,0,2,2,2,0,0,0,0,0,0,0,0,"1,253","1,253",756,0,2,0,71,71,1,1,71,71,0,0,0,0,0,0,0,0,0,0,150,0,0,0,0
Season 07,Sigma,Tank,34,3,0,0,0,0,0,0,0,"43,248","17,471","5,955",14,0,0,64,23,12,30,12,3,0,2,0,0,0,"37,482","15,942","4,947",2,12,0,212,92,36,13,468,211,3,0,0,0,0,0,0,0,1,1,"1,990",398,42,0,1
Season 07,Sojourn,Damage,11,1,0,0,0,0,43,25,16,"13,569","6,452","3,680",9,0,0,15,9,7,4,2,1,0,0,0,0,0,"10,983","5,651","3,527",0,7,0,71,63,6,5,74,63,0,0,0,0,0,0,0,0,0,0,666,61,51,0,0
Season 07,Soldier: 76,Damage,112,7,0,0,3,1,263,38,19,"119,848","12,199","6,527",58,39,8,221,28,15,109,15,9,0,5,0,"16,266","2,017","98,447","10,787","5,782",5,15,0,498,125,96,15,890,202,0,0,0,0,0,0,"9,017","1,126",8,1,"5,970",935,57,0,0
Season 07,Sombra,Damage,28,11,0,0,1,1,80,36,27,"12,553","5,910","3,393",8,0,0,44,24,13,16,10,2,0,1,0,408,204,"11,562","5,760","3,122",1,13,0,54,25,25,10,127,65,23,11,0,0,0,0,0,0,2,1,"1,094",192,35,0,0
Season 07,Symmetra,Damage,19,5,0,0,0,0,0,0,0,"23,147","6,364","2,818",17,0,0,31,11,7,12,7,2,0,0,0,72,32,"19,386","5,716","2,430",0,7,0,82,37,11,4,94,37,0,0,0,0,0,0,0,0,0,0,"1,459",104,32,0,1
Season 07,Widowmaker,Damage,0,0,0,0,0,0,1,1,1,459,459,391,1,0,0,0,0,0,0,0,0,0,0,0,0,0,459,459,391,0,0,0,5,5,0,0,13,13,0,0,1,0,0,0,0,0,0,0,52,0,0,0,1
Season 07,Wrecking Ball,Tank,1,1,0,0,0,0,2,2,2,651,651,651,1,0,0,1,1,1,0,0,0,0,0,0,0,0,526,526,526,0,1,0,18,18,0,0,18,18,0,0,0,0,0,0,0,0,0,0,40,0,0,0,0
Season 07,Zarya,Tank,1,1,0,0,0,0,0,0,0,396,396,396,1,2,2,2,2,2,2,2,0,0,0,0,0,0,396,396,396,0,2,0,40,40,2,2,40,40,0,0,0,0,0,0,0,0,0,0,85,18,17,0,0
Season 07,Zenyatta,Support,4,5,0,0,1,1,3,3,2,"2,254","2,254","1,280",2,7,7,7,7,4,3,3,0,0,0,0,"1,877","1,877","1,918","1,918",974,0,4,0,11,11,3,3,55,55,3,3,0,0,0,0,53,53,0,0,198,9,8,0,0
Season 08,Ana,Support,93,33,0,0,0,0,0,0,0,"44,971","5,985","2,561",84,181,30,119,20,6,26,5,15,0,6,0,"139,495","15,155","34,723","4,133","2,093",6,6,0,536,152,58,10,"1,235",179,110,19,1,0,0,0,"2,293",363,0,0,"9,880","1,148",89,0,0
Season 08,Ashe,Damage,216,9,0,0,53,4,321,21,8,"302,759","19,421","6,189",176,0,0,480,31,15,264,22,22,0,14,0,0,0,"258,454","15,154","5,682",14,15,0,551,99,149,11,"1,940",197,0,0,1,50,260,18,0,0,34,5,"16,047","2,419",59,0,1
Season 08,Baptiste,Support,49,34,0,0,2,1,52,17,10,"22,460","4,493","3,409",57,129,32,60,18,15,11,3,9,0,4,1,"86,663","19,895","16,773","4,446","3,409",4,15,0,139,27,24,10,262,109,21,7,0,0,0,0,"6,782","1,496",1,1,"5,264",425,36,0,1
Season 08,Bastion,Damage,82,2,0,0,5,1,77,11,7,"106,178","14,429","8,010",52,0,0,158,27,11,76,13,6,0,3,0,0,0,"75,575","8,421","4,653",3,11,0,276,73,68,16,756,196,0,0,0,0,0,0,0,0,5,2,"4,881",931,88,0,1
Season 08,Brigitte,Support,4,5,0,0,0,0,0,0,0,"5,243","2,575","1,689",10,9,5,5,4,4,0,0,1,0,0,0,"9,342","4,702","4,458","2,000","1,479",0,4,0,51,49,2,2,57,52,3,0,0,0,0,0,"1,470",0,1,1,608,52,24,0,0
Season 08,Cassidy,Damage,120,4,0,0,27,4,135,20,9,"145,451","13,529","7,258",83,0,0,265,32,11,145,16,13,0,7,0,0,0,"125,873","11,863","5,274",7,11,0,430,87,104,15,571,91,0,0,0,0,0,0,0,0,11,3,"8,508","1,346",44,0,1
Season 08,Doomfist,Tank,36,4,0,0,6,2,289,83,29,"39,163","9,559","3,975",30,0,0,63,16,6,27,7,4,0,2,0,"1,139",299,"33,517","9,368","3,905",2,6,0,412,123,25,6,503,123,0,0,0,0,0,0,0,0,3,1,"2,671",298,39,0,0
Season 08,Echo,Damage,8,0,0,0,2,2,32,32,10,"6,046","6,046","2,330",5,0,0,16,16,7,8,8,1,0,0,0,0,0,"6,046","6,046","2,330",0,7,0,19,19,2,2,70,70,0,0,0,0,0,0,0,0,1,1,460,57,26,0,0
Season 08,Genji,Damage,4,0,0,0,0,0,3,3,2,"3,504","3,504","2,004",2,0,0,5,5,3,1,1,0,0,0,0,0,0,"2,548","2,548","1,522",0,3,0,13,13,2,2,15,15,0,0,0,0,0,0,0,0,0,0,155,48,23,0,0
Season 08,Hanzo,Damage,124,11,0,0,115,9,276,34,9,"221,213","17,854","6,763",143,0,0,388,32,14,264,21,22,0,10,0,0,0,"180,665","14,969","5,726",10,14,0,245,34,107,12,"1,329",162,0,0,0,0,0,0,0,0,63,8,"14,491","2,059",50,0,0
Season 08,Illari,Support,9,3,0,0,1,1,12,5,5,"7,187","2,528","1,479",11,0,0,15,7,4,6,3,2,0,1,0,"18,220","7,053","6,316","2,453","1,392",1,4,0,41,14,3,3,62,23,1,1,0,0,0,0,"1,012",432,1,1,"1,044",25,24,961,1
Season 08,Junker Queen,Tank,30,5,0,0,8,3,328,123,64,"38,448","9,577","5,335",16,0,0,71,21,11,41,13,3,0,1,0,"8,125","2,286","34,369","8,827","4,901",1,11,0,240,131,25,11,275,135,0,0,0,0,0,0,"8,125","2,286",4,3,"1,827",431,41,0,1
Season 08,Junkrat,Damage,42,6,0,0,0,0,0,0,0,"71,133","13,296","7,696",24,0,0,106,18,18,63,12,6,0,5,0,0,0,"53,613","8,931","7,307",5,18,0,119,26,28,9,149,30,26,6,0,0,0,0,0,0,19,5,"3,739",615,41,0,0
Season 08,Kiriko,Support,52,41,0,0,14,4,54,8,5,"20,159","2,425","1,261",67,333,42,87,15,6,35,7,15,1,8,0,"208,201","21,552","17,054","2,425",718,8,6,0,507,100,43,6,"1,285",258,122,17,0,0,0,0,0,0,1,1,"10,112","1,436",56,0,1
Season 08,Lifeweaver,Support,42,38,0,0,3,1,176,55,53,"11,647","1,561","1,279",71,404,38,58,8,7,16,3,16,0,9,0,"244,533","23,148","10,067","1,465","1,183",9,7,0,249,41,30,4,"1,177",143,0,0,0,0,0,0,"11,979","1,113",0,0,"12,108","1,340",47,0,1
Season 08,Lúcio,Support,29,14,0,0,1,1,29,9,6,"7,130","3,195","1,386",11,30,10,36,14,8,7,3,2,0,2,0,"19,628","6,686","6,576","2,856","1,236",2,8,0,56,17,7,3,70,23,24,9,0,0,0,0,"3,907","1,772",0,0,"1,340",151,39,0,0
Season 08,Mauga,Tank,0,0,178,178,0,0,11,11,11,655,655,655,1,0,0,0,0,0,0,0,0,0,0,0,49,49,487,487,487,0,0,0,8,8,0,0,8,8,0,0,0,0,0,0,49,49,0,0,72,0,0,0,0
Season 08,Mei,Damage,152,13,0,0,0,0,0,0,0,"445,844","33,779","24,479",86,0,0,279,24,12,127,13,14,0,5,0,"15,223","1,361","110,046","9,122","5,658",5,12,0,"1,163",219,128,18,"1,544",219,84,13,0,0,0,0,"15,223","1,361",13,2,"9,042","1,817",71,0,1
Season 08,Mercy,Support,12,36,0,0,4,2,20,7,7,"3,285",960,960,53,229,34,19,6,4,7,2,9,0,4,0,"127,437","22,133","2,919",914,710,4,4,0,223,45,7,4,570,110,102,16,0,0,0,0,"7,866","1,226",1,1,"7,180","1,725",62,0,0
Season 08,Moira,Support,302,30,0,0,0,0,0,0,0,"114,006","9,824","3,693",129,476,35,407,30,14,105,10,22,0,11,0,"309,472","23,739","102,522","8,866","3,541",11,14,0,"1,000",133,189,15,"1,695",332,0,0,0,0,0,0,"39,233","2,953",6,2,"14,627","2,412",72,0,0
Season 08,Orisa,Tank,14,2,0,0,0,0,76,41,17,"17,790","8,756","4,247",10,0,0,25,9,6,11,4,1,0,1,0,0,0,"14,165","6,590","3,108",1,6,0,156,74,18,7,259,155,4,2,0,0,0,0,0,0,1,1,824,106,32,0,0
Season 08,Pharah,Damage,0,0,0,0,0,0,0,0,0,175,175,156,2,0,0,0,0,0,0,0,0,0,0,0,0,0,175,175,156,0,0,0,0,0,0,0,0,0,0,0,0,0,0,0,0,0,0,0,73,0,0,0,0
Season 08,Ramattra,Tank,11,1,0,0,0,0,147,60,42,"16,065","8,256","4,297",12,0,0,25,12,6,14,8,2,0,0,0,367,341,"14,692","8,043","3,586",0,6,0,192,168,11,6,227,168,3,1,0,0,0,0,0,0,1,1,"1,001",141,71,0,0
Season 08,Reaper,Damage,81,1,0,0,11,3,"1,287",173,87,"90,175","12,618","8,301",46,0,0,168,23,10,87,15,8,0,4,0,"13,496","2,138","72,576","10,661","4,598",4,10,0,378,112,58,12,601,112,0,0,0,0,0,0,"13,496","2,138",13,2,"4,676",697,32,0,0
Season 08,Reinhardt,Tank,3,0,0,0,0,0,0,0,0,"8,714","5,236","2,109",8,0,0,9,6,4,6,3,1,0,0,0,0,0,"6,828","3,605","1,432",0,4,0,30,30,3,3,64,41,0,0,0,0,0,0,0,0,1,1,502,45,18,0,0
Season 08,Roadhog,Tank,4,1,0,0,0,0,13,13,13,"3,262","3,220","3,220",1,0,0,6,6,6,1,1,0,0,0,0,"1,885","1,741","2,217","2,174","2,174",0,6,0,45,45,5,5,53,53,1,1,0,0,0,0,"1,885","1,741",0,0,204,32,17,0,0
Season 08,Sigma,Tank,177,9,0,0,0,0,0,0,0,"167,255","18,295","7,410",58,0,0,298,39,15,121,14,12,0,6,0,0,0,"138,322","15,874","5,476",6,15,0,"1,363",175,159,22,"2,068",254,50,0,0,0,0,0,0,0,5,2,"7,940","1,857",68,0,1
Season 08,Sojourn,Damage,18,4,0,0,0,0,96,27,14,"20,223","4,607","3,506",12,0,0,31,9,6,13,5,2,0,1,0,0,0,"17,326","3,818","2,868",1,6,0,49,18,10,4,54,18,0,0,0,0,0,0,0,0,0,0,"1,500",80,20,0,0
Season 08,Soldier: 76,Damage,272,5,0,0,26,2,796,34,26,"339,107","14,390","8,402",189,66,6,566,29,14,294,16,27,0,13,0,"46,447","2,056","275,997","10,591","6,183",13,14,0,634,164,198,14,"1,040",164,0,0,0,0,0,0,"27,065","1,165",40,4,"17,954","2,703",49,0,0
Season 08,Sombra,Damage,71,9,0,0,11,3,268,43,17,"48,400","5,827","3,232",47,0,0,125,15,13,54,7,7,0,2,0,"1,461",455,"44,806","5,719","2,896",2,13,0,259,44,50,7,459,91,63,9,0,0,0,0,0,0,6,2,"4,672",502,36,0,1
Season 08,Symmetra,Damage,19,3,0,0,0,0,0,0,0,"26,780","8,728","7,251",15,0,0,31,11,9,12,5,2,0,0,0,109,79,"21,680","6,900","6,643",0,9,0,50,30,8,4,50,30,0,0,0,0,0,0,0,0,2,2,"1,490",306,45,0,0
Season 08,Torbjörn,Damage,11,0,0,0,2,1,14,7,5,"11,686","5,304","3,457",5,0,0,19,12,7,8,6,1,0,1,0,0,0,"8,462","4,042","2,798",1,7,0,26,17,9,6,36,21,0,0,0,0,0,0,0,0,2,1,680,122,45,0,0
Season 08,Tracer,Damage,46,0,0,0,5,2,453,130,50,"37,935","9,049","4,427",35,0,0,89,22,10,43,15,5,0,1,0,0,0,"33,175","9,011","3,056",1,10,0,199,83,31,10,265,92,0,0,0,0,0,0,"3,107",669,5,3,"3,210",396,27,0,0
Season 08,Widowmaker,Damage,35,7,0,0,34,5,71,11,8,"39,078","6,045","3,730",31,0,0,94,19,9,59,11,5,0,2,0,0,0,"34,905","5,925","3,559",2,9,0,7,3,21,7,134,52,0,0,1,33,53,9,0,0,16,3,"3,613",360,36,0,1
Season 08,Winston,Tank,8,3,0,0,0,0,0,0,0,"5,781","5,193","4,029",4,0,0,8,8,7,0,0,1,0,0,0,0,0,"4,954","4,370","3,310",0,7,0,103,93,3,3,103,93,0,0,0,0,0,0,0,0,0,0,389,79,26,0,1
Season 08,Zarya,Tank,6,4,0,0,0,0,0,0,0,"5,634","4,899","2,437",6,2,2,6,6,3,0,0,0,0,0,0,0,0,"5,248","4,513","2,141",0,3,0,70,70,6,6,72,72,2,2,0,0,0,0,0,0,0,0,351,30,15,0,1
Season 08,Zenyatta,Support,28,23,0,0,2,1,21,8,5,"22,470","5,323","3,225",20,70,25,40,12,7,12,5,3,0,2,0,"23,025","6,911","18,245","4,311","2,319",2,7,0,106,45,14,10,149,45,35,14,0,0,0,0,"1,084",297,2,2,"1,938",329,33,0,0
Season 09,Ana,Support,137,30,0,0,0,0,0,0,0,"69,165","5,843","2,291",115,246,26,166,15,8,29,5,16,0,6,0,"207,377","20,655","52,435","4,820","1,779",6,8,0,296,55,72,11,"1,621",274,161,18,1,0,0,0,"4,445",460,0,0,"12,888","1,649",47,0,0
Season 09,Ashe,Damage,254,14,0,0,45,6,447,32,14,"311,728","21,248","10,711",130,0,0,471,36,16,216,16,18,0,9,0,0,0,"268,117","19,649","8,359",9,16,0,288,42,149,20,"1,011",184,0,0,1,40,338,23,0,0,32,5,"14,067","2,509",54,0,1
Season 09,Baptiste,Support,185,34,0,0,26,4,488,43,18,"119,325","7,990","3,692",147,485,34,297,22,10,112,9,24,1,14,1,"288,532","20,944","99,037","7,265","3,230",14,10,0,564,122,126,13,"1,715",188,66,9,0,0,0,0,"21,054","1,698",6,3,"16,899","2,517",58,0,0
Season 09,Bastion,Damage,166,6,0,0,13,4,284,30,18,"263,485","31,604","11,360",99,0,0,345,38,17,179,21,13,0,5,0,0,0,"194,432","18,505","7,852",5,17,0,370,133,147,23,"1,391",205,0,0,0,0,0,0,0,0,19,3,"9,793","2,191",75,0,1
Season 09,Brigitte,Support,12,14,0,0,0,0,0,0,0,"5,925","2,056","1,000",16,30,15,17,7,5,5,2,1,0,1,0,"15,008","4,053","5,238","1,876",849,1,5,0,41,13,3,2,47,13,9,0,0,0,0,0,"1,954",0,1,1,"1,045",95,60,0,0
Season 09,Cassidy,Damage,230,4,0,0,44,4,374,22,15,"294,649","15,869","9,096",173,0,0,504,31,24,274,21,26,0,12,0,0,0,"263,174","13,441","8,456",12,24,0,762,136,188,16,"1,065",136,0,0,0,0,0,0,0,0,35,6,"16,143","2,999",59,0,1
Season 09,D.Va,Tank,126,19,0,0,10,2,"3,800",680,314,"125,746","29,806","8,526",43,0,0,221,56,21,94,30,7,0,4,0,0,0,"101,953","23,665","6,361",4,21,0,638,148,57,11,"1,121",281,0,0,0,0,0,0,0,0,10,4,"5,467","1,392",50,0,0
Season 09,Doomfist,Tank,50,8,0,0,9,3,495,130,73,"48,869","10,427","6,520",23,0,0,86,24,12,35,10,4,0,3,0,"1,305",462,"42,922","9,862","5,955",3,12,0,185,33,33,8,399,88,0,0,0,0,0,0,0,0,3,2,"2,206",489,83,0,0
Season 09,Echo,Damage,53,3,0,0,4,1,302,67,43,"70,952","15,248","9,845",32,0,0,106,24,12,53,12,6,0,4,0,"1,700",791,"60,561","10,277","8,255",4,12,0,135,31,35,9,255,56,0,0,0,0,0,0,0,0,4,1,"3,648",557,44,0,0
Season 09,Genji,Damage,0,0,0,0,0,0,8,8,6,"2,144","2,144","1,116",2,0,0,1,1,1,1,1,0,0,0,0,0,0,"1,994","1,994","1,016",0,1,0,16,16,0,0,16,16,0,0,0,0,0,0,0,0,0,0,195,10,10,0,0
Season 09,Hanzo,Damage,71,8,0,0,41,10,166,23,18,"120,132","17,851","6,542",72,0,0,183,26,13,112,18,7,1,2,0,0,0,"103,566","13,321","6,542",2,13,0,129,54,61,14,638,230,0,0,0,0,0,0,0,0,14,2,"6,081","1,031",70,0,0
Season 09,Illari,Support,34,13,0,0,6,3,57,13,5,"23,736","5,435","2,536",31,0,0,62,16,13,27,9,4,0,2,0,"54,636","8,725","21,825","5,155","2,396",2,13,0,50,19,24,9,55,19,6,2,0,0,0,0,"2,678",638,3,2,"3,274",230,40,"3,468",1
Season 09,Junker Queen,Tank,94,14,0,0,5,2,670,90,53,"83,460","14,048","5,038",46,0,0,166,31,21,72,14,7,0,3,0,"16,977","3,707","74,754","12,987","4,985",3,21,0,702,173,91,21,909,176,0,0,0,0,0,0,"16,977","3,707",2,1,"4,419",904,42,0,1
Season 09,Junkrat,Damage,27,4,0,0,0,0,0,0,0,"42,163","8,266","7,708",13,0,0,56,24,11,29,10,3,0,2,0,0,0,"33,324","7,293","5,235",2,11,0,33,13,17,7,52,19,11,4,0,0,0,0,0,0,6,2,"1,789",258,24,0,1
Season 09,Kiriko,Support,108,34,0,0,6,2,133,14,9,"46,754","3,627","1,921",116,359,34,139,13,8,31,4,17,0,7,0,"218,293","22,249","38,814","3,031","1,921",7,8,0,535,67,61,10,"1,719",203,105,15,0,0,0,0,0,0,3,1,"12,202","1,633",62,0,0
Season 09,Lifeweaver,Support,19,19,0,0,2,1,126,25,23,"7,773","1,057",808,38,150,20,30,5,5,11,3,8,0,3,0,"100,880","14,220","6,879",842,740,3,5,0,308,140,13,4,757,140,0,0,0,0,0,0,"7,133","1,135",1,1,"5,196",497,54,0,1
Season 09,Lúcio,Support,140,19,0,0,2,1,200,19,14,"59,112","5,915","3,292",108,147,17,176,17,11,31,3,16,0,5,0,"110,132","9,284","51,792","4,178","1,919",5,11,0,948,196,71,10,"1,126",196,125,15,0,0,0,0,"22,841","2,071",1,1,"9,096",934,39,0,0
Season 09,Mauga,Tank,15,8,"9,030","4,111",0,0,312,108,56,"24,633","9,601","5,417",15,13,6,24,12,9,9,5,1,0,0,0,"3,680","1,363","22,786","9,056","5,228",0,9,0,46,23,8,5,55,31,14,7,0,0,0,0,"2,936","1,119",1,1,986,168,50,0,0
Season 09,Mei,Damage,138,11,0,0,0,0,0,0,0,"396,436","28,028","12,748",80,0,0,225,22,12,87,8,12,0,5,0,"14,939","1,045","109,556","8,867","4,787",5,12,0,622,69,87,7,929,108,96,11,0,0,0,0,"14,939","1,045",8,2,"8,285","1,490",64,0,1
Season 09,Mercy,Support,15,29,0,0,3,1,34,8,6,"4,286",731,500,43,169,23,24,6,5,9,4,9,0,6,0,"96,691","12,052","3,521",717,491,6,5,0,114,37,9,2,250,43,86,16,0,0,0,0,"8,063","1,066",0,0,"5,620",937,50,0,1
Season 09,Moira,Support,580,41,0,0,0,0,0,0,0,"251,330","12,704","4,307",208,824,43,791,41,16,211,17,33,0,17,0,"477,420","20,100","229,467","11,437","4,153",17,16,0,"1,681",213,372,25,"2,706",213,0,0,0,0,0,0,"73,228","3,298",8,2,"23,830","4,208",75,0,0
Season 09,Orisa,Tank,20,4,0,0,2,1,155,42,42,"34,810","8,923","6,413",13,0,0,40,15,15,19,7,2,0,1,0,0,0,"25,371","6,413","6,413",1,15,0,145,43,22,8,193,50,10,4,0,0,0,0,0,0,3,3,"1,308",271,35,0,0
Season 09,Ramattra,Tank,11,2,0,0,0,0,71,40,30,"13,337","5,687","3,988",5,0,0,17,9,9,6,3,1,0,0,0,295,225,"9,339","4,029","3,020",0,9,0,84,25,10,4,93,30,5,2,0,0,0,0,0,0,0,0,554,169,42,0,1
Season 09,Reaper,Damage,123,1,0,0,24,4,"2,536",230,130,"137,830","14,929","5,084",57,0,0,244,25,13,121,16,11,0,7,0,"21,540","1,827","110,128","9,764","5,084",7,13,0,572,96,95,12,887,121,0,0,0,0,0,0,"21,540","1,827",11,3,"7,217","1,318",39,0,0
Season 09,Reinhardt,Tank,4,0,0,0,0,0,0,0,0,"4,679","3,779","1,682",5,0,0,6,6,2,2,2,0,0,0,0,0,0,"4,164","3,264","1,360",0,2,0,31,31,5,5,31,31,0,0,0,0,0,0,0,0,0,0,311,14,10,0,0
Season 09,Roadhog,Tank,2,1,0,0,1,1,37,37,35,"5,357","5,357","3,400",4,0,0,6,6,5,1,1,0,0,0,0,"1,477","1,477","4,582","4,582","3,155",0,5,0,21,21,2,2,33,33,1,1,0,0,0,0,"1,477","1,477",0,0,245,37,15,0,0
Season 09,Sigma,Tank,122,6,0,0,0,0,0,0,0,"147,366","21,122","9,597",49,0,0,203,31,16,81,17,9,0,5,0,0,0,"126,536","18,982","8,933",5,16,0,656,129,87,13,"1,592",386,34,0,0,0,0,0,0,0,2,1,"6,402","1,598",50,0,1
Season 09,Sojourn,Damage,47,3,0,0,2,1,453,63,44,"70,595","8,928","5,767",51,0,0,98,14,13,51,9,6,0,2,0,0,0,"61,861","7,784","5,250",2,13,0,201,43,37,9,429,93,0,0,0,0,0,0,0,0,4,2,"4,172",438,53,0,0
Season 09,Soldier: 76,Damage,115,4,0,0,15,2,399,47,29,"137,721","12,340","7,564",72,36,7,243,23,17,128,17,9,0,4,0,"19,936","1,640","115,900","11,712","7,326",4,17,0,345,93,84,12,655,93,0,0,0,0,0,0,"10,072",939,13,2,"6,959","1,355",58,0,1
Season 09,Sombra,Damage,165,11,0,0,17,2,887,68,34,"132,092","11,353","4,450",95,0,0,287,25,12,122,9,12,0,5,0,"1,526",295,"116,135","9,465","4,450",5,12,0,332,41,85,12,740,84,109,11,0,0,0,0,0,0,26,3,"9,263","1,379",45,0,1
Season 09,Symmetra,Damage,64,5,0,0,0,0,0,0,0,"45,069","7,258","4,368",22,0,0,80,13,11,16,4,3,1,2,0,215,81,"39,413","7,204","4,314",2,11,0,211,98,37,9,292,98,0,0,0,0,0,0,0,0,2,1,"2,698",476,59,0,1
Season 09,Torbjörn,Damage,74,4,0,0,15,4,127,30,16,"77,029","21,143","8,393",27,0,0,128,37,18,54,13,6,0,4,0,0,0,"56,692","14,790","5,539",4,18,0,117,33,39,18,216,120,0,0,0,0,0,0,0,0,9,2,"3,206",744,53,0,1
Season 09,Tracer,Damage,176,0,0,0,14,3,"1,912",156,64,"147,110","11,745","5,438",113,0,0,320,31,15,144,16,16,0,10,0,0,0,"132,437","9,716","5,267",10,15,0,634,133,103,12,825,133,0,0,0,0,0,0,"16,544","1,532",24,3,"10,412","1,439",43,0,1
Season 09,Widowmaker,Damage,19,4,0,0,34,6,89,11,11,"39,620","4,940","4,940",41,0,0,69,9,7,50,7,5,0,1,0,0,0,"36,880","4,700","4,700",1,7,0,7,3,10,3,18,4,0,0,1,34,74,10,0,0,18,3,"3,270",346,33,0,1
Season 09,Winston,Tank,63,6,0,0,0,0,0,0,0,"51,421","10,118","4,336",32,0,0,98,24,13,35,6,4,0,1,0,0,0,"47,500","9,702","3,856",1,13,28,285,52,30,8,520,85,0,0,0,0,0,0,0,0,2,1,"3,156",546,36,0,1
Season 09,Wrecking Ball,Tank,3,3,0,0,0,0,4,4,4,459,459,459,0,0,0,3,3,3,0,0,0,0,0,0,0,0,419,419,419,0,3,0,10,10,3,3,10,10,0,0,0,0,0,0,0,0,0,0,33,0,0,0,0
Season 09,Zarya,Tank,79,6,0,0,0,0,0,0,0,"75,840","15,132","8,876",40,26,6,139,24,13,60,14,5,0,4,0,0,0,"63,062","11,564","5,526",4,13,0,663,174,80,18,820,174,16,4,0,0,0,0,0,0,1,1,"3,646",737,50,0,1
Season 09,Zenyatta,Support,53,22,0,0,5,2,43,8,5,"34,765","5,451","4,213",35,101,19,82,15,15,29,8,5,0,2,0,"36,521","7,160","26,706","4,612","3,403",2,15,0,47,20,32,11,183,64,52,13,0,0,0,0,"1,373",438,1,1,"3,073",462,42,0,0
Season 10,Ana,Support,189,27,0,0,0,0,0,0,0,"78,682","5,995","2,868",121,344,26,236,20,10,47,9,20,0,11,0,"259,421","23,376","66,179","5,779","2,688",11,10,0,347,56,98,12,"1,926",160,210,16,1,0,0,0,"4,059",431,6,2,"15,298","2,324",96,0,0
Season 10,Ashe,Damage,188,9,0,0,61,7,362,37,17,"235,241","18,865","8,359",91,0,0,370,26,23,182,17,15,0,9,0,0,0,"205,692","17,407","7,659",9,23,0,294,99,105,13,727,144,0,0,1,53,255,27,0,0,36,4,"10,717","2,068",54,0,1
Season 10,Baptiste,Support,95,23,0,0,8,2,211,24,24,"67,087","7,060","4,692",73,241,28,164,23,9,69,8,13,1,6,1,"165,380","17,902","53,839","5,595","3,732",6,9,0,259,38,65,8,791,176,27,4,0,0,0,0,"11,291","1,072",5,2,"8,911","1,342",46,0,1
Season 10,Bastion,Damage,87,4,0,0,5,2,180,29,14,"120,955","15,819","9,592",44,0,0,162,19,13,75,10,6,0,2,0,0,0,"92,443","13,575","6,477",2,13,0,179,74,67,9,448,89,0,0,0,0,0,0,0,0,9,2,"4,557","1,145",43,0,0
Season 10,Brigitte,Support,83,32,0,0,0,0,0,0,0,"38,283","5,234","2,083",55,209,36,123,20,9,40,5,8,0,6,0,"86,247","12,959","35,000","4,999","2,083",6,9,0,453,117,51,12,659,124,56,0,0,0,0,0,"11,276",0,2,1,"4,908",864,46,0,0
Season 10,Cassidy,Damage,292,5,0,0,75,7,570,32,11,"390,771","25,334","7,034",223,0,0,696,44,17,404,27,33,0,17,0,0,0,"351,513","19,559","6,560",17,17,0,"1,194",151,276,19,"1,728",151,0,0,0,0,0,0,0,0,62,7,"20,542","4,154",57,0,1
Season 10,D.Va,Tank,2,2,0,0,1,1,58,58,38,"2,660","2,660","1,687",2,0,0,5,5,3,3,3,0,0,0,0,0,0,"1,421","1,421",747,0,3,0,12,12,3,3,12,12,0,0,0,0,0,0,0,0,1,1,171,26,15,0,0
Season 10,Doomfist,Tank,1,1,0,0,0,0,27,27,27,"3,139","3,139","2,931",1,0,0,4,4,3,2,2,0,0,0,0,300,300,"2,544","2,544","2,336",0,3,0,9,9,1,1,12,12,0,0,0,0,0,0,0,0,1,1,115,37,29,0,0
Season 10,Echo,Damage,63,3,0,0,2,1,260,33,32,"77,417","7,335","5,473",42,0,0,115,13,9,51,5,6,0,3,0,854,498,"62,076","6,004","5,160",3,9,0,109,20,41,6,316,52,0,0,0,0,0,0,0,0,11,3,"4,313",517,29,0,0
Season 10,Genji,Damage,5,0,0,0,0,0,3,3,2,"2,149","2,149",976,3,0,0,8,8,6,3,3,0,0,0,0,0,0,"2,055","2,055",936,0,6,0,24,24,3,3,24,24,0,0,0,0,0,0,0,0,0,0,243,10,10,0,0
Season 10,Hanzo,Damage,105,13,0,0,51,8,179,25,9,"164,241","20,609","8,768",79,0,0,281,37,16,176,27,11,1,5,0,0,0,"137,867","18,332","6,523",5,16,0,173,53,84,11,743,129,0,0,0,0,0,0,0,0,31,5,"8,225","1,592",60,0,1
Season 10,Illari,Support,62,23,0,0,10,2,114,23,14,"45,995","8,313","5,500",45,0,0,108,28,18,46,12,6,0,3,0,"89,842","18,633","42,370","8,188","5,500",3,18,0,129,25,46,9,458,174,9,4,0,0,0,0,"5,710","1,094",1,1,"5,135",692,68,"8,675",1
Season 10,Junker Queen,Tank,4,1,0,0,1,1,33,33,33,"4,677","4,677","4,648",1,0,0,6,6,6,2,2,0,0,0,0,766,766,"3,965","3,965","3,936",0,6,0,1,1,0,0,1,1,0,0,0,0,0,0,766,766,0,0,154,1,1,0,0
Season 10,Junkrat,Damage,27,4,0,0,0,0,0,0,0,"45,909","14,775","4,104",28,0,0,61,16,6,34,10,3,0,2,0,0,0,"40,001","14,650","3,025",2,6,0,78,27,22,6,103,27,17,4,0,0,0,0,0,0,5,2,"2,156",350,34,0,0
Season 10,Kiriko,Support,84,31,0,0,19,4,127,12,10,"43,389","2,561","1,539",138,435,30,125,10,6,41,5,21,0,6,0,"298,928","14,272","36,776","2,426","1,504",6,6,0,792,106,54,5,"1,831",148,148,11,0,0,0,0,0,0,5,2,"15,253","1,707",57,0,1
Season 10,Lifeweaver,Support,12,31,0,0,0,0,67,17,16,"4,993","1,294","1,014",18,64,32,15,4,3,3,1,3,0,0,0,"51,258","17,798","4,284","1,126",826,0,3,0,63,22,4,2,180,128,0,0,0,0,0,0,"2,122",747,1,1,"2,464",228,29,0,0
Season 10,Lúcio,Support,113,18,0,0,7,2,178,36,18,"48,169","6,938","2,921",64,126,18,155,21,19,40,7,10,0,8,0,"78,667","13,642","43,774","6,893","2,751",8,19,0,550,96,64,13,706,108,106,15,0,0,0,0,"16,942","2,355",5,2,"6,380",937,56,0,0
Season 10,Mauga,Tank,6,5,"5,012","3,480",1,1,220,151,65,"13,850","9,087","4,977",6,6,4,9,5,4,3,2,1,0,0,0,"2,628","1,938","11,880","7,782","4,025",0,4,0,56,40,1,1,156,118,5,3,0,0,0,0,"2,024","1,458",0,0,515,131,47,0,0
Season 10,Mei,Damage,55,9,0,0,0,0,0,0,0,"147,407","23,385","9,349",33,0,0,84,18,11,29,6,4,0,2,0,"8,326","1,049","40,968","5,558","3,049",2,11,0,408,98,45,14,483,102,38,9,0,0,0,0,"8,326","1,049",4,2,"3,221",645,45,0,1
Season 10,Mercy,Support,2,17,0,0,1,1,8,5,3,"1,103",595,340,5,31,17,3,2,1,1,1,1,0,0,0,"15,132","8,927","1,103",595,340,0,1,0,32,14,2,1,87,69,13,8,0,0,0,0,"1,252",876,1,1,905,201,35,0,0
Season 10,Moira,Support,135,21,0,0,0,0,0,0,0,"55,728","6,147","3,092",51,217,24,173,22,13,38,6,9,0,4,0,"139,133","15,726","51,060","6,049","2,968",4,13,0,357,50,68,11,584,121,0,0,0,0,0,0,"18,940","2,738",3,2,"6,055",994,44,0,0
Season 10,Orisa,Tank,5,2,0,0,1,1,21,17,11,"5,791","3,422","2,369",3,0,0,9,5,5,4,2,0,0,0,0,0,0,"4,785","3,240","1,916",0,5,0,12,12,5,4,52,48,3,2,0,0,0,0,0,0,0,0,253,71,16,0,0
Season 10,Pharah,Damage,1,1,0,0,0,0,0,0,0,"3,405","3,405","3,387",1,0,0,3,3,3,2,2,0,0,0,0,0,0,"2,466","2,466","2,448",0,3,0,0,0,1,1,0,0,0,0,0,0,0,0,0,0,1,1,119,34,19,0,0
Season 10,Ramattra,Tank,0,0,0,0,0,0,15,15,14,"1,016","1,016",564,2,0,0,0,0,0,0,0,0,0,0,0,0,0,838,838,449,0,0,0,4,4,0,0,4,4,0,0,0,0,0,0,0,0,0,0,53,0,0,0,0
Season 10,Reaper,Damage,134,0,0,0,29,4,"3,300",376,123,"226,768","26,617","11,303",76,0,0,315,39,17,181,25,12,0,6,0,"29,450","3,570","151,456","16,740","6,804",6,17,0,810,123,123,19,"1,130",123,0,0,0,0,0,0,"29,450","3,570",25,5,"8,734","2,213",50,0,0
Season 10,Reinhardt,Tank,7,1,0,0,0,0,0,0,0,"18,258","8,509","4,443",14,0,0,27,19,12,20,13,1,0,0,0,0,0,"14,464","6,960","3,654",0,12,0,66,46,9,9,165,90,1,1,0,0,0,0,0,0,2,1,837,261,63,0,0
Season 10,Roadhog,Tank,3,2,0,0,0,0,38,38,30,"6,802","6,802","3,428",2,0,0,6,6,4,2,2,1,0,0,0,"3,661","3,661","5,988","5,988","3,428",0,4,0,58,58,2,2,66,66,2,2,0,0,0,0,"3,661","3,661",1,1,334,46,31,0,0
Season 10,Sigma,Tank,34,3,0,0,0,0,0,0,0,"37,588","11,978","6,222",14,0,0,48,17,12,14,5,3,0,1,0,0,0,"32,175","10,520","5,702",1,12,0,167,67,20,8,242,91,6,0,0,0,0,0,0,0,1,1,"1,681",258,67,0,1
Season 10,Sojourn,Damage,107,5,0,0,7,1,647,60,44,"130,916","15,878","6,217",56,0,0,208,20,14,101,10,10,0,7,0,0,0,"105,098","9,305","4,907",7,14,0,173,28,68,13,437,80,0,0,0,0,0,0,0,0,14,4,"6,267","1,157",61,0,0
Season 10,Soldier: 76,Damage,89,4,0,0,12,2,342,37,25,"103,849","12,813","9,543",54,30,4,163,18,16,74,10,7,0,2,0,"14,438","1,819","89,987","11,407","8,460",2,16,0,179,80,47,6,382,80,0,0,0,0,0,0,"7,823",886,17,2,"5,101",911,51,0,1
Season 10,Sombra,Damage,145,19,0,0,8,2,770,100,47,"107,107","14,523","5,873",79,0,0,208,47,19,63,15,10,0,5,0,"3,516","1,624","97,137","13,712","5,420",5,19,0,296,61,67,29,573,158,82,19,0,0,0,0,0,0,10,2,"7,184",908,48,0,1
Season 10,Symmetra,Damage,46,4,0,0,0,0,0,0,0,"44,882","10,237","10,237",33,0,0,74,16,16,28,11,3,0,2,0,369,241,"37,512","6,185","6,185",2,16,0,185,51,35,12,527,125,0,0,0,0,0,0,0,0,0,0,"2,650",481,42,0,1
Season 10,Torbjörn,Damage,0,0,0,0,0,0,4,4,4,"2,054","2,054","2,054",1,0,0,0,0,0,0,0,0,0,0,0,0,0,"1,159","1,159","1,159",0,0,0,0,0,0,0,0,0,0,0,0,0,0,0,0,0,0,0,80,0,0,0,0
Season 10,Tracer,Damage,43,1,0,0,5,2,647,144,75,"41,755","10,067","4,244",27,0,0,88,21,12,45,12,4,0,3,0,0,0,"38,063","8,878","3,404",3,12,0,143,30,28,6,188,34,0,0,0,0,0,0,"4,219","1,197",8,4,"3,031",382,43,0,1
Season 10,Venture,Damage,4,2,0,0,0,0,0,0,0,"7,459","3,541","3,541",4,0,0,9,8,8,5,4,1,0,1,0,0,0,"6,260","3,032","3,032",1,8,0,27,25,1,1,27,25,0,0,0,0,0,0,0,0,1,1,403,45,22,0,1
Season 10,Widowmaker,Damage,33,8,0,0,28,7,65,14,9,"28,438","6,395","3,907",26,0,0,69,18,11,36,9,3,0,1,0,0,0,"24,604","5,975","3,172",1,11,0,11,5,9,3,96,32,0,0,1,28,52,13,0,0,11,4,"2,370",275,23,0,1
Season 10,Winston,Tank,19,2,0,0,0,0,0,0,0,"15,829","8,164","4,112",7,0,0,34,23,14,15,8,2,0,1,0,0,0,"14,125","7,803","4,050",1,14,10,30,14,9,5,68,27,0,0,0,0,0,0,0,0,0,0,812,98,22,0,1
Season 10,Wrecking Ball,Tank,0,0,0,0,0,0,0,0,0,0,0,0,0,0,0,0,0,0,0,0,0,0,0,0,0,0,0,0,0,0,0,0,0,0,0,0,0,0,0,0,0,0,0,0,0,0,0,0,3,0,0,0,0
Season 10,Zarya,Tank,10,1,0,0,0,0,0,0,0,"8,650","3,831","3,831",2,1,1,18,9,9,8,3,1,0,0,0,0,0,"7,664","3,392","3,392",0,9,0,82,42,10,5,129,65,0,0,0,0,0,0,0,0,1,1,358,76,24,0,1
Season 10,Zenyatta,Support,3,4,0,0,0,0,0,0,0,"2,551","2,363","2,036",3,6,6,5,5,5,2,2,0,0,0,0,"1,039",584,"1,975","1,787","1,508",0,5,0,1,1,3,3,35,35,2,2,0,0,0,0,0,0,0,0,182,48,41,0,1
Season 11,Ana,Support,87,22,0,0,0,0,0,0,0,"31,467","3,809","2,661",37,117,21,105,15,8,18,3,8,0,5,0,"85,908","13,844","24,176","2,798","2,000",5,8,0,64,16,41,9,738,139,76,14,1,0,0,0,"1,648",405,1,1,"5,245",927,79,0,0
Season 11,Ashe,Damage,214,9,0,0,56,9,399,30,20,"284,732","18,782","13,538",108,0,0,407,31,17,193,17,18,0,10,0,0,0,"242,675","16,926","10,784",10,17,0,322,37,117,11,"1,070",155,0,0,1,47,265,23,0,0,32,8,"12,943","2,281",63,0,1
Season 11,Baptiste,Support,21,13,0,0,2,1,53,12,9,"14,060","3,521","2,047",30,50,11,29,10,10,8,4,4,0,1,1,"39,544","8,672","10,794","2,077","1,839",1,10,0,38,16,10,4,50,27,9,4,0,0,0,0,"2,948",474,1,1,"2,516",180,39,0,1
Season 11,Bastion,Damage,100,5,0,0,5,1,212,33,17,"176,275","30,280","11,351",49,0,0,197,37,14,97,20,7,0,4,0,0,0,"110,221","18,646","6,196",4,14,0,150,32,97,23,"1,035",180,0,0,0,0,0,0,0,0,4,2,"5,592","1,389",61,0,1
Season 11,Brigitte,Support,45,20,0,0,0,0,0,0,0,"19,087","3,455","1,711",33,107,23,64,15,15,19,6,4,0,2,0,"45,997","8,744","17,418","3,229","1,711",2,15,0,229,108,17,7,258,108,32,0,0,0,0,0,"4,947",0,0,0,"2,656",494,39,0,0
Season 11,Cassidy,Damage,139,3,0,0,28,5,218,24,10,"164,129","13,776","5,968",87,0,0,305,30,13,166,15,15,0,8,0,0,0,"143,977","12,244","4,766",8,13,0,664,241,123,22,767,241,0,0,0,0,0,0,0,0,23,3,"9,249","1,760",69,0,1
Season 11,Echo,Damage,29,1,0,0,3,1,107,34,25,"25,917","8,771","5,945",11,0,0,48,20,13,19,8,3,0,1,0,356,300,"21,665","6,505","4,771",1,13,0,171,98,24,14,244,102,0,0,0,0,0,0,0,0,2,1,"1,592",267,31,0,0
Season 11,Hanzo,Damage,46,12,0,0,24,7,89,24,19,"81,084","14,841","9,838",31,0,0,105,24,15,59,18,5,0,4,0,0,0,"62,250","10,071","8,025",4,15,0,73,37,43,15,369,107,0,0,0,0,0,0,0,0,11,3,"3,621",806,51,0,1
Season 11,Illari,Support,7,2,0,0,1,1,15,6,4,"7,722","2,801","1,997",11,0,0,11,5,2,4,3,1,0,0,0,"9,599","3,186","6,094","2,676","1,872",0,2,0,33,18,4,2,33,18,0,0,0,0,0,0,552,228,1,1,745,41,15,"1,241",1
Season 11,Junkrat,Damage,4,2,0,0,0,0,0,0,0,"5,819","2,702","2,702",5,0,0,4,3,3,0,0,0,0,0,0,0,0,"5,084","2,702","2,702",0,3,0,9,4,0,0,10,4,3,2,0,0,0,0,0,0,0,0,293,15,11,0,0
Season 11,Kiriko,Support,51,33,0,0,7,2,54,13,7,"20,747","3,643","1,319",58,208,33,71,14,8,20,5,8,0,4,0,"106,203","16,409","18,249","3,643","1,319",4,8,0,472,144,38,8,849,144,71,12,0,0,0,0,0,0,1,1,"6,071",774,54,0,1
Season 11,Lifeweaver,Support,5,7,0,0,0,0,49,19,15,"2,187",883,580,18,26,7,7,4,4,2,1,2,0,1,0,"25,031","7,136","1,541",541,389,1,4,0,49,20,2,1,104,44,0,0,0,0,0,0,"1,554",351,0,0,"1,481",178,43,0,0
Season 11,Lúcio,Support,46,22,0,0,1,1,63,17,8,"19,964","4,879","2,057",22,64,19,54,15,7,8,3,4,0,3,0,"34,183","9,281","15,226","3,459","1,356",3,7,0,329,155,26,9,362,155,42,14,0,0,0,0,"6,070","1,557",0,0,"2,484",428,41,0,0
Season 11,Mei,Damage,1,1,0,0,0,0,0,0,0,"16,072","9,018","4,354",3,0,0,4,3,3,3,2,1,0,0,0,790,599,"4,757","2,794","1,577",0,3,0,8,8,0,0,32,28,1,1,0,0,0,0,790,599,0,0,349,26,20,0,1
Season 11,Mercy,Support,7,35,0,0,0,0,12,4,3,"2,372","1,410",650,17,106,33,10,4,2,3,2,3,0,2,0,"44,762","16,916","1,788",905,410,2,2,0,23,9,3,3,198,68,35,12,0,0,0,0,"3,244","1,105",0,0,"2,517",575,56,0,0
Season 11,Moira,Support,82,20,0,0,0,0,0,0,0,"36,984","5,748","3,215",31,133,20,113,17,10,31,8,7,0,3,0,"89,509","13,157","33,271","5,702","2,925",3,10,0,297,58,50,10,314,58,0,0,0,0,0,0,"12,690","2,225",1,1,"4,169",900,67,0,0
Season 11,Pharah,Damage,2,2,0,0,0,0,0,0,0,"4,500","4,500","4,500",1,0,0,8,8,8,5,5,0,0,0,0,0,0,"3,836","3,836","3,836",0,8,0,23,23,5,5,25,25,0,0,0,0,0,0,0,0,2,2,191,102,50,0,0
Season 11,Ramattra,Tank,17,8,0,0,0,0,118,118,38,"18,306","18,306","4,219",5,0,0,29,29,13,12,12,1,0,1,0,0,0,"14,560","14,560","3,431",1,13,0,64,64,15,15,169,169,8,8,0,0,0,0,0,0,1,1,661,156,43,0,0
Season 11,Reaper,Damage,44,1,0,0,12,3,"1,032",168,107,"67,341","19,095","9,003",27,0,0,99,36,22,55,17,4,0,2,0,"8,468","1,740","44,784","10,239","4,786",2,22,0,191,40,31,14,430,113,0,0,0,0,0,0,"8,468","1,740",11,3,"3,073",615,64,0,0
Season 11,Sigma,Tank,0,0,0,0,0,0,0,0,0,499,499,477,1,0,0,0,0,0,0,0,0,0,0,0,0,0,325,325,302,0,0,0,0,0,0,0,0,0,0,0,0,0,0,0,0,0,0,0,25,0,0,0,1
Season 11,Sojourn,Damage,66,3,0,0,3,2,493,70,50,"70,207","10,846","5,148",40,0,0,103,20,10,37,11,6,0,2,0,0,0,"60,723","9,362","4,610",2,10,0,136,56,37,5,298,70,0,0,0,0,0,0,0,0,3,1,"3,601",622,48,0,0
Season 11,Soldier: 76,Damage,61,2,0,0,6,2,220,44,21,"91,496","14,402","8,587",36,15,4,127,20,17,66,10,6,0,3,0,"9,420","1,294","70,390","9,670","7,102",3,17,0,196,153,36,8,360,153,0,0,0,0,0,0,"5,796",870,13,3,"3,978",824,60,0,0
Season 11,Sombra,Damage,8,1,0,0,0,0,64,34,21,"9,525","4,023","2,749",7,0,0,19,6,6,11,3,1,0,0,0,22,14,"8,764","4,023","2,749",0,6,0,59,32,7,4,77,32,3,1,0,0,0,0,0,0,3,1,770,61,32,0,0
Season 11,Symmetra,Damage,10,3,0,0,0,0,0,0,0,"7,190","4,098","2,753",5,0,0,14,6,5,4,3,1,0,0,0,130,123,"6,200","4,075","2,730",0,5,0,22,14,3,2,39,19,0,0,0,0,0,0,0,0,0,0,529,40,15,0,0
Season 11,Tracer,Damage,13,0,0,0,3,2,310,97,44,"15,684","4,772","2,344",18,0,0,24,8,5,11,5,2,0,0,0,0,0,"13,759","3,676","2,054",0,5,0,43,24,11,5,56,31,0,0,0,0,0,0,"2,063",393,1,1,"1,274",77,21,0,1
Season 11,Widowmaker,Damage,87,12,0,0,99,9,225,23,9,"97,241","11,705","5,563",97,0,0,240,28,13,153,15,12,0,5,0,0,0,"87,939","11,464","5,322",5,13,0,23,5,49,9,338,61,0,0,1,99,163,21,0,0,50,8,"8,066","1,169",55,0,1
Season 11,Zenyatta,Support,0,0,0,0,0,0,1,1,1,894,456,456,2,0,0,0,0,0,0,0,0,0,0,0,97,72,894,456,456,0,0,0,0,0,0,0,0,0,0,0,0,0,0,0,0,0,0,0,85,0,0,0,1
Season 12,Ana,Support,40,25,0,0,0,0,0,0,0,"26,220","5,787","3,474",29,93,23,51,14,7,11,5,6,0,2,0,"76,318","20,311","17,644","4,656","3,072",2,7,0,59,26,28,8,635,163,52,13,1,0,0,0,"1,502",374,1,1,"4,469",639,43,0,0
Season 12,Ashe,Damage,337,7,0,0,78,7,633,25,18,"455,508","14,160","9,069",214,0,0,660,25,17,319,20,29,0,16,0,0,0,"378,829","11,425","9,014",16,17,0,780,143,177,9,"1,951",169,0,0,1,72,506,23,0,0,51,4,"21,253","3,703",54,0,1
Season 12,Baptiste,Support,3,5,0,0,0,0,11,8,5,"2,392","1,005","1,005",6,10,5,3,2,2,0,0,1,0,0,1,"8,987","3,460","1,953",932,685,0,2,0,17,10,0,0,43,26,0,0,0,0,0,0,861,346,0,0,484,29,15,0,0
Season 12,Bastion,Damage,49,3,0,0,6,1,111,20,9,"73,704","14,212","5,348",29,0,0,84,14,14,35,8,3,0,1,0,0,0,"47,992","8,682","4,846",1,14,0,121,95,36,11,365,95,0,0,0,0,0,0,0,0,1,1,"2,595",498,55,0,0
Season 12,Brigitte,Support,15,12,0,0,0,0,0,0,0,"7,607","2,378","1,189",17,45,15,20,8,6,5,3,2,0,1,0,"18,566","6,076","7,300","2,193","1,067",1,6,0,39,13,10,5,156,107,11,0,0,0,0,0,"2,403",0,0,0,"1,364",178,54,0,0
Season 12,Cassidy,Damage,397,4,0,0,94,8,760,31,16,"516,117","15,351","6,472",321,0,0,859,30,13,462,18,49,0,22,0,0,0,"455,913","14,455","6,088",22,13,0,"1,498",168,318,13,"2,551",184,0,0,0,0,0,0,0,0,54,3,"29,252","4,818",62,0,1
Season 12,D.Va,Tank,8,6,0,0,0,0,223,223,108,"8,666","8,666","4,152",4,0,0,9,9,6,1,1,0,0,0,0,0,0,"4,438","4,438","2,103",0,6,0,57,57,1,1,57,57,0,0,0,0,0,0,0,0,0,0,382,91,35,0,0
Season 12,Doomfist,Tank,7,2,0,0,0,0,48,35,24,"4,465","2,547","1,887",2,0,0,11,7,6,4,3,0,0,0,0,196,196,"4,115","2,297","1,705",0,6,0,21,14,4,3,21,14,0,0,0,0,0,0,0,0,0,0,187,29,15,0,0
Season 12,Echo,Damage,66,3,0,0,3,1,263,52,43,"62,089","8,991","5,317",38,0,0,111,18,10,45,8,5,0,2,0,545,317,"51,031","7,220","4,231",2,10,0,100,25,36,6,303,50,0,0,0,0,0,0,0,0,5,3,"3,848",478,44,0,0
Season 12,Genji,Damage,78,2,0,0,3,1,142,26,10,"68,083","10,228","4,103",47,0,0,142,26,10,64,12,8,0,3,0,0,0,"59,136","9,686","4,022",3,10,0,239,47,52,12,387,70,0,0,0,0,0,0,0,0,7,2,"4,918",660,41,0,0
Season 12,Hanzo,Damage,93,14,0,0,37,4,116,14,7,"126,641","16,224","7,108",73,0,0,207,32,17,114,16,12,0,7,0,0,0,"97,820","13,253","5,551",7,17,0,178,31,71,9,646,142,0,0,0,0,0,0,0,0,16,4,"6,965","1,264",53,0,1
Season 12,Illari,Support,22,15,0,0,1,1,15,8,2,"13,203","6,935","4,716",10,0,0,30,15,6,8,4,2,0,1,0,"28,380","16,554","10,253","4,649","3,151",1,6,0,18,9,11,5,76,67,4,3,0,0,0,0,"1,086",732,0,0,"1,534",209,45,"2,445",1
Season 12,Junker Queen,Tank,39,9,0,0,5,4,402,157,89,"42,558","14,421","7,366",15,0,0,83,29,18,44,18,4,0,3,0,"9,318","3,617","37,636","14,338","7,283",3,18,0,226,140,33,17,276,140,0,0,0,0,0,0,"9,318","3,617",6,3,"1,916",542,89,0,0
Season 12,Junkrat,Damage,0,0,0,0,0,0,0,0,0,"1,683","1,683","1,347",2,0,0,2,2,1,2,2,0,0,0,0,0,0,"1,022","1,022",686,0,1,0,2,2,1,1,2,2,0,0,0,0,0,0,0,0,0,0,61,0,0,0,0
Season 12,Juno,Support,468,37,0,0,0,0,0,0,0,"224,462","13,298","4,397",209,0,0,631,37,13,163,12,41,0,28,0,"497,966","27,765","178,160","8,403","3,812",28,13,0,872,72,263,19,"2,692",249,0,0,0,0,0,0,0,0,11,2,"26,986","3,911",52,0,0
Season 12,Kiriko,Support,34,29,0,0,3,2,45,10,6,"19,185","4,327","1,880",36,120,26,50,15,9,16,6,5,1,2,0,"71,432","18,965","16,706","3,787","1,686",2,9,0,169,48,23,6,337,166,45,13,0,0,0,0,0,0,1,1,"3,939",489,49,0,0
Season 12,Lifeweaver,Support,14,15,0,0,1,1,47,24,17,"4,049","1,815","1,245",13,46,16,15,9,6,1,1,2,0,1,0,"29,450","8,959","2,492",859,498,1,6,0,83,33,9,6,274,110,0,0,0,0,0,0,"1,816",506,0,0,"1,642",95,17,0,0
Season 12,Lúcio,Support,5,5,0,0,0,0,7,4,2,"4,201","1,855",790,8,8,4,6,3,3,1,1,1,0,0,0,"8,568","3,129","2,779","1,061",724,0,3,0,45,29,4,2,99,68,6,4,0,0,0,0,"1,498",625,0,0,518,62,21,0,0
Season 12,Mei,Damage,142,12,0,0,0,0,0,0,0,"291,354","28,147","18,332",48,0,0,213,25,15,71,9,9,0,6,0,"12,083","1,102","85,964","8,387","4,834",6,15,0,648,211,102,15,"1,079",211,92,12,0,0,0,0,"12,083","1,102",5,1,"6,098","1,375",47,0,1
Season 12,Mercy,Support,2,17,0,0,0,0,10,6,6,947,320,320,15,34,12,3,2,2,1,1,2,0,1,0,"31,833","13,722",767,287,267,1,2,0,11,5,0,0,84,57,11,8,0,0,0,0,"1,741",709,0,0,"1,393",302,32,0,0
Season 12,Moira,Support,61,27,0,0,0,0,0,0,0,"28,300","8,822","2,654",37,104,33,80,23,10,19,7,5,0,2,0,"62,728","15,514","25,217","7,823","2,641",2,10,0,178,77,42,13,308,96,0,0,0,0,0,0,"8,453","2,289",2,1,"3,356",527,52,0,0
Season 12,Orisa,Tank,5,3,0,0,1,1,20,20,20,"3,396","3,396","3,396",0,0,0,8,8,8,3,3,0,0,0,0,0,0,"2,182","2,182","2,182",0,8,0,39,39,8,8,44,44,3,3,0,0,0,0,0,0,1,1,84,51,51,0,0
Season 12,Ramattra,Tank,13,2,0,0,1,1,86,42,23,"14,988","7,704","5,245",4,0,0,27,13,13,14,7,1,0,1,0,0,0,"12,299","6,432","4,329",1,13,0,56,19,12,7,70,30,5,2,0,0,0,0,0,0,1,1,606,145,31,0,0
Season 12,Reaper,Damage,129,0,0,0,19,4,"2,509",202,115,"156,709","14,416","6,874",63,0,0,248,21,21,119,13,11,0,6,0,"19,742","1,814","105,070","8,813","4,428",6,21,0,629,148,81,11,"1,007",148,0,0,0,0,0,0,"19,742","1,814",8,2,"7,127","1,476",61,0,0
Season 12,Reinhardt,Tank,21,6,0,0,0,0,0,0,0,"22,981","14,576","4,993",8,0,0,45,21,14,24,15,2,0,2,0,0,0,"19,064","11,270","4,773",2,14,0,69,53,7,4,85,68,10,6,0,0,0,0,0,0,1,1,"1,100",386,60,0,0
Season 12,Roadhog,Tank,0,0,0,0,0,0,4,4,4,322,322,322,1,0,0,0,0,0,0,0,0,0,0,0,251,251,322,322,322,0,0,0,7,7,0,0,7,7,0,0,0,0,0,0,251,251,0,0,65,0,0,0,0
Season 12,Sigma,Tank,45,3,0,0,0,0,0,0,0,"62,899","28,665","13,424",19,0,0,77,33,15,32,15,3,0,3,0,0,0,"43,676","18,785","8,780",3,15,0,248,115,47,23,625,314,7,0,0,0,0,0,0,0,1,1,"2,290",578,68,0,1
Season 12,Sojourn,Damage,85,8,0,0,5,2,667,101,57,"94,138","12,371","11,389",56,0,0,150,23,20,65,14,8,0,3,0,0,0,"74,536","9,434","7,921",3,20,0,192,28,51,11,477,115,0,0,0,0,0,0,0,0,13,3,"5,016",899,47,0,0
Season 12,Soldier: 76,Damage,128,6,0,0,13,2,547,42,40,"174,280","12,596","12,256",78,42,6,235,24,20,107,12,12,0,5,0,"19,578","1,757","144,550","11,395","11,055",5,20,0,294,91,82,13,747,140,0,0,0,0,0,0,"11,239",997,12,3,"8,442","1,517",102,0,1
Season 12,Sombra,Damage,732,15,0,0,97,4,"3,597",113,37,"505,520","13,717","5,918",397,0,0,"1,349",42,19,616,19,52,0,27,0,"13,532","1,061","432,329","12,634","4,574",27,19,0,"1,319",72,403,21,"3,113",156,449,15,0,0,0,0,0,0,128,7,"39,049","6,023",59,0,1
Season 12,Symmetra,Damage,127,7,0,0,0,0,0,0,0,"110,505","14,664","6,024",70,0,0,205,26,14,78,10,9,0,4,0,681,221,"98,323","11,771","5,101",4,14,0,321,40,79,13,648,163,0,0,0,0,0,0,0,0,10,2,"6,160","1,190",45,0,1
Season 12,Torbjörn,Damage,20,3,0,0,3,3,52,15,15,"34,417","11,786","11,786",10,0,0,38,22,22,18,11,2,0,1,0,0,0,"22,624","8,409","8,409",1,22,0,43,11,13,8,43,11,0,0,0,0,0,0,0,0,2,1,"1,179",249,41,0,0
Season 12,Tracer,Damage,146,1,0,0,9,2,"1,706",152,101,"91,769","8,404","6,185",82,0,0,243,27,15,97,11,13,0,6,0,0,0,"80,787","7,486","4,613",6,15,0,509,139,96,13,641,139,0,0,0,0,0,0,"9,470",861,13,4,"7,361",861,34,0,0
Season 12,Venture,Damage,13,1,0,0,0,0,0,0,0,"9,003","7,812","2,528",5,0,0,19,17,7,4,4,1,0,1,0,0,0,"8,415","7,299","2,528",1,7,0,31,31,5,4,36,36,0,0,0,0,0,0,0,0,0,0,604,64,23,0,0
Season 12,Widowmaker,Damage,94,6,0,0,100,9,278,19,14,"103,962","7,129","4,613",82,0,0,243,21,12,149,15,11,0,6,0,0,0,"95,595","7,058","3,659",6,12,0,34,13,48,8,386,89,0,0,1,96,179,13,0,0,45,5,"8,325","1,052",79,0,1
Season 12,Winston,Tank,20,3,0,0,0,0,0,0,0,"12,184","6,298","6,298",0,0,0,30,14,14,10,6,1,0,1,0,0,0,"10,650","5,521","5,521",1,14,9,44,20,7,4,158,74,0,0,0,0,0,0,0,0,3,2,598,200,27,0,1
Season 12,Zarya,Tank,6,3,0,0,0,0,0,0,0,"2,477","2,477","1,244",2,2,2,7,7,7,1,1,0,0,0,0,0,0,"2,477","2,477","1,244",0,7,0,15,15,6,6,19,19,2,2,0,0,0,0,0,0,0,0,155,22,15,0,0
Season 12,Zenyatta,Support,18,14,0,0,2,1,22,7,5,"24,044","9,960","6,799",9,38,16,28,13,12,10,4,2,0,1,0,"14,671","5,357","15,010","5,993","4,176",1,12,0,22,12,15,6,178,101,16,7,0,0,0,0,262,167,0,0,"1,257",350,62,0,0
Season 13,Ana,Support,100,33,0,0,0,0,0,0,0,"46,668","8,141","2,690",59,183,24,118,16,7,18,4,10,0,5,0,"136,209","21,908","37,255","6,775","1,927",5,7,0,142,24,48,13,"1,113",146,109,22,1,0,0,0,"2,750",446,0,0,"8,228","1,084",44,0,1
Season 13,Ashe,Damage,131,6,0,0,29,3,234,19,10,"188,568","12,124","8,036",97,0,0,239,24,17,108,9,12,0,6,0,0,0,"160,406","9,822","6,240",6,17,0,162,21,90,14,894,206,0,0,1,26,174,14,0,0,18,3,"9,147","1,381",79,0,1
Season 13,Baptiste,Support,29,27,0,0,4,2,56,25,7,"19,778","8,172","2,058",23,70,32,47,18,7,18,9,3,0,2,1,"38,964","16,021","13,936","5,753","1,558",2,7,0,118,78,17,6,332,78,10,5,0,0,0,0,"2,940","1,033",1,1,"2,436",404,62,0,0
Season 13,Bastion,Damage,143,4,0,0,6,1,231,29,15,"213,275","38,025","14,820",65,0,0,275,46,22,132,27,10,0,5,0,0,0,"145,703","21,946","7,949",5,22,0,286,100,120,30,904,301,0,0,0,0,0,0,0,0,13,2,"7,097","1,616",56,0,0
Season 13,Brigitte,Support,150,32,0,0,0,0,0,0,0,"78,894","7,085","2,194",115,409,34,208,19,11,56,5,19,0,10,0,"177,624","14,146","72,035","6,454","2,194",10,11,0,826,152,71,10,"1,240",152,117,0,0,0,0,0,"20,822",0,4,1,"10,958","1,267",54,0,0
Season 13,Cassidy,Damage,108,4,0,0,26,3,208,19,12,"153,417","12,661","6,313",98,0,0,243,21,17,135,13,14,0,6,0,0,0,"137,355","11,148","5,587",6,17,0,258,49,92,12,661,96,0,0,0,0,0,0,0,0,18,5,"9,093","1,422",50,0,1
Season 13,D.Va,Tank,0,0,0,0,0,0,51,51,51,"2,346","2,346","2,346",1,0,0,2,2,2,2,2,0,0,0,0,0,0,"1,050","1,050","1,050",0,2,0,52,52,0,0,52,52,0,0,0,0,0,0,0,0,0,0,82,37,15,0,0
Season 13,Doomfist,Tank,4,1,0,0,1,1,47,47,18,"5,616","5,616","2,174",4,0,0,9,9,4,5,5,1,0,0,0,284,284,"5,616","5,616","2,174",0,4,0,15,15,2,2,27,27,0,0,0,0,0,0,0,0,0,0,317,6,5,0,0
Season 13,Echo,Damage,25,0,0,0,1,1,83,15,14,"25,770","5,611","5,086",16,0,0,39,9,8,14,5,2,0,1,0,107,107,"19,664","4,302","3,405",1,8,0,91,38,14,4,138,38,0,0,0,0,0,0,0,0,2,1,"1,398",179,40,0,0
Season 13,Genji,Damage,19,0,0,0,2,1,46,16,8,"23,335","11,391","4,062",18,0,0,36,16,6,17,10,2,0,0,0,0,0,"17,855","7,638","2,427",0,6,0,52,23,7,4,76,25,0,0,0,0,0,0,0,0,2,1,"1,594",144,32,0,0
Season 13,Hanzo,Damage,28,5,0,0,22,4,48,6,6,"54,765","9,501","5,732",25,0,0,77,16,8,49,12,4,0,2,0,0,0,"44,615","7,582","5,117",2,8,0,27,11,22,6,229,57,0,0,0,0,0,0,0,0,12,3,"2,721",427,44,0,1
Season 13,Illari,Support,27,9,0,0,3,2,34,9,6,"13,133","3,359","1,795",17,0,0,38,15,10,11,4,2,0,1,0,"31,127","10,522","12,162","3,083","1,748",1,10,0,41,19,13,7,41,19,5,2,0,0,0,0,"1,517",499,2,1,"1,820",173,48,"1,510",1
Season 13,Junker Queen,Tank,2,2,0,0,0,0,41,41,15,"5,196","5,196","2,201",4,0,0,8,8,6,6,6,0,0,0,0,"1,162","1,162","5,060","5,060","2,101",0,6,0,40,40,6,6,139,139,0,0,0,0,0,0,"1,162","1,162",0,0,255,39,32,0,0
Season 13,Junkrat,Damage,9,1,0,0,0,0,0,0,0,"14,833","9,579","4,202",6,0,0,15,9,9,6,3,1,0,0,0,0,0,"9,333","4,866","3,445",0,9,0,35,20,4,3,48,28,1,1,0,0,0,0,0,0,0,0,539,77,59,0,0
Season 13,Juno,Support,78,20,0,0,0,0,0,0,0,"36,999","6,249","2,564",60,0,0,101,18,9,23,6,8,0,2,0,"84,965","16,222","31,156","5,785","2,479",2,9,0,250,55,40,10,644,140,0,0,0,0,0,0,0,0,0,0,"5,857",579,44,0,1
Season 13,Kiriko,Support,30,17,0,0,4,2,34,7,4,"18,909","4,487","2,448",38,84,15,43,13,6,13,5,5,0,1,0,"61,309","11,282","14,676","3,228","1,332",1,6,0,157,91,13,7,397,96,31,5,0,0,0,0,0,0,4,1,"3,489",469,46,0,0
Season 13,Lúcio,Support,8,6,0,0,0,0,19,11,9,"4,340","2,000","1,602",7,8,6,10,5,4,2,1,1,0,0,0,"9,354","4,369","3,894","1,912","1,514",0,4,0,63,37,7,3,78,37,5,3,0,0,0,0,"1,625",735,0,0,659,71,38,0,0
Season 13,Mei,Damage,23,7,0,0,0,0,0,0,0,"72,458","25,813","15,788",11,0,0,42,16,11,19,8,2,0,1,0,"1,905",545,"18,097","5,975","4,177",1,11,0,138,65,20,7,272,126,17,7,0,0,0,0,"1,905",545,2,2,"1,350",213,61,0,1
Season 13,Mercy,Support,2,16,0,0,0,0,1,1,1,516,193,193,7,36,15,4,2,2,2,1,2,0,2,0,"17,766","7,534",356,171,132,2,2,0,39,28,2,1,60,28,11,5,0,0,0,0,633,279,0,0,"1,062",237,32,0,1
Season 13,Moira,Support,15,13,0,0,0,0,0,0,0,"6,015","2,879","1,653",9,27,16,19,11,5,4,3,2,0,0,0,"16,524","7,538","5,075","2,199","1,286",0,5,0,103,78,11,6,106,78,0,0,0,0,0,0,"2,801","1,137",0,0,822,121,52,0,0
Season 13,Pharah,Damage,80,6,0,0,0,0,0,0,0,"106,121","12,227","5,300",56,0,0,183,20,18,97,10,8,0,5,0,0,0,"88,320","9,729","5,100",5,18,0,79,26,40,5,322,74,0,0,0,0,0,0,0,0,10,2,"5,522",942,52,0,1
Season 13,Reaper,Damage,49,0,0,0,15,3,"1,127",144,90,"69,192","11,713","7,011",28,0,0,124,30,11,75,19,5,0,4,0,"7,140","1,024","47,676","7,485","3,566",4,11,0,123,34,37,10,243,71,0,0,0,0,0,0,"7,140","1,024",13,3,"3,284",642,96,0,0
Season 13,Reinhardt,Tank,5,3,0,0,0,0,0,0,0,"3,614","3,150","1,640",3,0,0,5,3,2,0,0,0,0,0,0,0,0,"3,614","3,150","1,640",0,2,0,2,2,0,0,13,13,4,3,0,0,0,0,0,0,0,0,233,0,0,0,0
Season 13,Sigma,Tank,16,2,0,0,0,0,0,0,0,"17,454","13,821","8,948",3,0,0,28,25,20,12,12,1,0,1,0,0,0,"13,325","10,139","6,589",1,20,0,28,20,8,5,65,36,3,0,0,0,0,0,0,0,1,1,538,198,55,0,1
Season 13,Sojourn,Damage,122,4,0,0,9,4,736,88,49,"123,349","13,204","9,459",59,0,0,225,28,17,103,15,11,0,5,0,0,0,"103,259","11,033","7,020",5,17,0,335,60,89,17,484,94,0,0,0,0,0,0,0,0,20,6,"6,410","1,243",65,0,1
Season 13,Soldier: 76,Damage,297,5,0,0,39,3,"1,047",67,43,"356,593","17,818","8,533",159,83,5,610,26,19,313,13,28,0,13,0,"48,971","2,186","298,389","11,700","6,546",13,19,0,574,58,204,12,"1,518",140,0,0,0,0,0,0,"27,544","1,316",33,3,"17,953","3,156",73,0,0
Season 13,Sombra,Damage,330,10,0,0,41,5,"1,662",128,51,"232,422","13,241","7,538",183,0,0,597,32,16,267,18,25,0,13,0,"5,737",544,"206,395","13,141","7,438",13,16,0,650,95,187,11,"1,690",153,168,10,0,0,0,0,0,0,41,5,"17,405","2,891",70,0,1
Season 13,Symmetra,Damage,75,5,0,0,0,0,0,0,0,"82,432","9,948","5,217",54,0,0,142,17,12,67,10,7,0,4,0,620,159,"72,822","9,324","4,800",4,12,0,256,39,54,9,543,126,0,0,0,0,0,0,0,0,14,3,"4,924",949,52,0,1
Season 13,Torbjörn,Damage,8,1,0,0,1,1,11,5,5,"16,994","5,099","4,188",7,0,0,13,8,8,5,3,2,0,1,0,0,0,"13,321","3,617","3,275",1,8,0,19,10,4,2,32,19,0,0,0,0,0,0,0,0,1,1,777,108,29,0,0
Season 13,Tracer,Damage,13,0,0,0,2,1,157,54,31,"11,616","4,207","2,640",15,0,0,26,10,6,13,7,2,0,1,0,0,0,"10,457","3,496","2,312",1,6,0,57,25,8,4,155,78,0,0,0,0,0,0,"1,540",630,2,2,"1,127",84,18,0,0
Season 13,Venture,Damage,168,5,0,0,0,0,0,0,0,"159,602","14,806","9,541",98,0,0,324,36,19,155,20,18,0,8,0,0,0,"142,219","12,036","6,476",8,19,0,777,178,123,18,"1,185",178,0,0,0,0,0,0,0,0,24,4,"10,461","1,818",67,0,1
Season 13,Widowmaker,Damage,60,6,0,0,91,14,202,24,11,"72,867","9,354","4,466",71,0,0,185,22,11,125,18,9,0,6,0,0,0,"67,097","9,075","4,362",6,11,0,26,6,22,4,195,48,0,0,1,88,129,21,0,0,58,9,"6,552",875,51,0,1
Season 13,Winston,Tank,10,2,0,0,0,0,0,0,0,"13,924","9,106","3,085",8,0,0,22,16,5,12,10,1,0,0,0,0,0,"13,148","8,692","2,975",0,5,2,116,87,7,5,116,88,0,0,0,0,0,0,0,0,1,1,781,163,30,0,1
Season 13,Zarya,Tank,4,4,0,0,0,0,0,0,0,"5,571","5,571","2,988",3,4,4,9,9,5,5,5,0,0,0,0,0,0,"4,491","4,491","2,281",0,5,0,146,146,7,7,146,146,2,2,0,0,0,0,0,0,0,0,305,112,26,0,0
Season 13,Zenyatta,Support,4,11,0,0,1,1,7,4,2,"7,021","3,536","2,030",5,16,12,9,5,4,5,3,1,0,0,0,"6,509","4,064","5,444","2,886","1,534",0,4,0,7,6,2,1,15,10,6,5,0,0,0,0,76,76,1,1,476,62,21,0,0
Season 14,Ana,Support,70,26,0,0,0,0,0,0,0,"49,695","7,315","2,787",51,159,21,111,17,8,41,10,10,0,6,0,"133,978","18,345","37,687","5,912","2,603",6,8,0,107,41,50,11,"1,100",204,84,15,1,0,0,0,"3,786",598,2,1,"8,095","1,314",79,0,1
Season 14,Ashe,Damage,53,6,0,0,14,4,82,15,9,"71,487","9,391","6,441",26,0,0,111,21,11,58,10,4,0,3,0,0,0,"59,317","8,577","4,544",3,11,0,67,12,28,6,279,97,0,0,1,13,62,12,0,0,12,4,"3,097",399,31,0,1
Season 14,Baptiste,Support,9,8,0,0,0,0,26,10,5,"12,200","4,580","2,271",14,22,10,17,8,5,8,4,2,0,1,1,"13,659","3,462","7,856","2,751","1,446",1,5,0,14,11,2,2,33,20,5,3,0,0,0,0,"1,734",469,0,0,"1,224",83,27,0,0
Season 14,Bastion,Damage,8,2,0,0,0,0,28,12,12,"15,652","6,720","5,027",8,0,0,15,6,6,7,3,1,0,0,0,0,0,"10,175","3,710","3,326",0,6,0,11,6,7,3,49,26,0,0,0,0,0,0,0,0,1,1,529,116,16,0,0
Season 14,Brigitte,Support,131,28,0,0,0,0,0,0,0,"73,900","7,273","2,507",91,326,33,190,20,8,58,8,14,0,6,0,"132,753","12,468","60,429","5,715","2,125",6,8,0,495,94,70,7,893,126,91,0,0,0,0,0,"15,876",0,3,2,"8,844","1,425",63,0,0
Season 14,Cassidy,Damage,47,4,0,0,14,3,75,11,8,"65,440","7,457","3,328",43,0,0,133,18,12,86,8,7,0,4,0,0,0,"57,995","6,671","3,174",4,12,0,145,25,41,8,413,133,0,0,0,0,0,0,0,0,7,2,"4,039",765,42,0,1
Season 14,Echo,Damage,17,2,0,0,0,0,64,26,12,"27,301","9,014","7,550",12,0,0,33,16,9,16,7,2,0,2,0,380,380,"19,905","6,827","4,779",2,9,0,56,25,6,5,60,26,0,0,0,0,0,0,0,0,5,4,"1,343",149,23,0,0
Season 14,Genji,Damage,40,0,0,0,2,1,79,25,13,"36,090","15,629","5,854",18,0,0,77,42,14,37,23,4,0,2,0,0,0,"27,749","12,251","4,286",2,14,0,120,54,15,11,191,87,0,0,0,0,0,0,0,0,2,2,"2,066",418,44,0,0
Season 14,Hanzo,Damage,19,4,0,0,14,3,44,9,7,"43,130","7,919","4,781",21,0,0,53,16,8,34,12,2,0,1,0,0,0,"31,843","5,569","3,999",1,8,0,22,5,18,6,99,69,0,0,0,0,0,0,0,0,6,2,"1,982",270,43,0,0
Season 14,Illari,Support,17,6,0,0,4,1,39,10,4,"16,800","3,189","2,109",19,0,0,31,8,4,14,5,3,0,2,0,"33,287","8,715","14,914","2,835","1,932",2,4,0,20,6,10,4,73,55,3,2,0,0,0,0,"1,842",529,2,2,"2,199",126,19,"1,873",1
Season 14,Junkrat,Damage,14,5,0,0,0,0,0,0,0,"8,882","5,918","4,166",4,0,0,17,13,12,3,2,1,0,1,0,0,0,"7,680","4,992","3,274",1,12,0,12,12,3,2,18,18,6,5,0,0,0,0,0,0,0,0,454,121,43,0,0
Season 14,Juno,Support,44,7,0,0,0,0,0,0,0,"21,419","5,477","3,432",23,0,0,66,13,9,22,5,4,0,1,0,"40,084","7,876","16,219","3,637","2,139",1,9,0,123,57,27,7,197,71,0,0,0,0,0,0,0,0,2,2,"2,875",552,54,0,0
Season 14,Kiriko,Support,82,28,0,0,20,4,107,12,8,"59,266","5,978","2,776",68,277,32,142,13,9,60,8,12,0,7,0,"141,037","14,072","47,677","5,171","2,713",7,9,0,430,78,67,9,"1,242",205,85,8,0,0,0,0,0,0,4,2,"8,644","1,474",46,0,0
Season 14,Lifeweaver,Support,4,14,0,0,1,1,16,9,9,"2,084","1,124","1,004",4,31,16,6,5,4,2,2,1,0,1,0,"14,365","7,282","1,898","1,034",914,1,4,0,15,6,1,1,40,30,0,0,0,0,0,0,"1,093",688,0,0,798,31,16,0,0
Season 14,Lúcio,Support,21,24,0,0,0,0,46,19,8,"14,433","6,367","2,017",23,32,21,29,15,7,8,5,3,0,0,0,"22,773","10,631","12,761","5,651","1,980",0,7,0,257,106,10,6,279,106,20,15,0,0,0,0,"5,303","2,469",0,0,"2,199",114,27,0,0
Season 14,Mei,Damage,24,9,0,0,0,0,0,0,0,"60,539","22,102","7,831",14,0,0,42,23,10,18,10,2,0,1,0,"3,421",942,"19,389","7,109","2,414",1,10,0,121,44,19,9,149,44,16,9,0,0,0,0,"3,421",942,1,1,"1,319",221,47,0,1
Season 14,Mercy,Support,1,6,0,0,0,0,2,2,2,500,260,140,13,13,4,1,1,1,0,0,1,0,1,0,"16,342","6,270",260,140,140,1,1,0,15,6,0,0,46,31,3,3,0,0,0,0,"1,053",568,0,0,"1,071",162,30,0,1
Season 14,Moira,Support,101,21,0,0,0,0,0,0,0,"60,603","10,638","3,015",49,117,22,139,22,11,38,8,7,0,4,0,"84,545","12,120","52,848","9,186","2,840",4,11,0,375,97,67,12,610,153,0,0,0,0,0,0,"17,549","2,739",4,2,"4,900",934,61,0,0
Season 14,Pharah,Damage,36,2,0,0,0,0,0,0,0,"50,126","7,023","6,485",19,0,0,89,16,10,53,10,4,0,3,0,0,0,"41,671","6,581","4,819",3,10,0,21,12,16,3,122,36,0,0,0,0,0,0,0,0,9,3,"2,409",460,57,0,1
Season 14,Reaper,Damage,22,0,0,0,7,3,616,108,69,"39,160","8,049","4,421",20,0,0,56,11,9,34,7,2,0,1,0,"4,218",804,"26,375","6,613","4,421",1,9,0,189,72,28,6,264,76,0,0,0,0,0,0,"4,218",804,4,2,"1,787",409,51,0,0
Season 14,Sojourn,Damage,244,5,0,0,23,5,"2,044",101,66,"331,089","17,163","8,952",147,0,0,578,33,19,334,21,26,0,16,0,0,0,"272,402","14,697","7,136",16,19,0,361,33,171,11,"1,236",153,0,0,0,0,0,0,0,0,51,5,"15,913","3,181",60,0,0
Season 14,Soldier: 76,Damage,31,3,0,0,5,2,121,28,17,"42,545","9,664","5,085",22,13,4,57,14,8,26,6,2,0,1,0,"4,648","1,069","33,497","7,816","4,697",1,8,0,26,9,16,4,93,69,0,0,0,0,0,0,"2,646",564,3,1,"1,905",292,38,0,1
Season 14,Sombra,Damage,235,11,0,0,21,3,"1,001",68,60,"164,247","12,762","6,090",117,0,0,402,31,14,166,13,17,0,8,0,"5,767",914,"145,868","9,533","6,015",8,14,0,482,171,119,16,"1,026",171,127,11,0,0,0,0,0,0,17,5,"11,116","1,916",51,0,1
Season 14,Symmetra,Damage,39,6,0,0,0,0,0,0,0,"41,626","10,149","4,467",24,0,0,77,18,11,38,10,4,0,2,0,437,179,"36,742","8,333","3,469",2,11,0,157,53,41,14,525,193,0,0,0,0,0,0,0,0,5,2,"2,529",452,34,0,1
Season 14,Torbjörn,Damage,0,0,0,0,0,0,0,0,0,509,509,509,1,0,0,0,0,0,0,0,0,0,0,0,0,0,244,244,244,0,0,0,0,0,0,0,0,0,0,0,0,0,0,0,0,0,0,0,58,0,0,0,0
Season 14,Tracer,Damage,25,0,0,0,1,1,226,71,46,"18,618","6,824","3,219",11,0,0,50,21,11,25,10,2,0,1,0,0,0,"17,452","6,470","2,990",1,11,0,67,31,16,7,89,35,0,0,0,0,0,0,"2,181","1,070",2,2,"1,362",274,41,0,0
Season 14,Widowmaker,Damage,14,4,0,0,14,5,25,6,5,"11,142","2,697","1,798",11,0,0,34,7,7,20,5,2,0,1,0,0,0,"10,911","2,617","1,700",1,7,0,1,1,9,4,59,31,0,0,1,14,19,6,0,0,6,3,"1,135",176,26,0,1
Season 14,Zenyatta,Support,58,32,0,0,2,2,44,15,10,"34,832","9,315","3,810",19,115,33,76,28,13,18,9,4,0,2,0,"35,949","10,522","25,235","8,080","3,070",2,13,0,138,84,36,14,590,171,54,18,0,0,0,0,917,394,1,1,"2,810",651,96,0,0
Season 15,Ana,Support,64,31,0,0,0,0,0,0,0,"43,416","6,623","3,624",53,110,30,87,25,11,23,11,8,0,4,0,"91,513","17,087","33,914","5,835","3,039",4,11,0,97,38,33,9,665,146,65,15,1,0,0,0,"2,038",775,0,0,"5,945",968,59,0,1
Season 15,Ashe,Damage,409,8,0,0,95,6,741,52,16,"509,533","26,675","7,599",220,0,0,794,45,16,383,23,31,0,18,0,0,0,"436,078","24,292","7,506",18,16,0,400,23,196,14,"2,462",168,0,0,1,94,624,49,0,0,66,7,"23,693","4,342",84,0,1
Season 15,Bastion,Damage,33,3,0,0,2,1,77,16,11,"82,704","15,667","11,465",21,0,0,71,15,13,38,10,3,0,1,0,92,92,"51,006","14,305","10,356",1,13,0,36,18,22,7,229,96,0,0,0,0,0,0,0,92,5,1,"2,458",587,45,0,0
Season 15,Brigitte,Support,50,22,0,0,0,0,0,0,0,"25,319","4,629","2,268",36,125,28,79,24,15,29,11,7,0,5,0,"54,699","12,004","23,268","4,379","2,268",5,15,0,151,43,21,6,249,56,38,0,0,0,0,0,"6,257",0,4,2,"3,624",521,47,0,0
Season 15,Cassidy,Damage,451,6,0,0,92,6,667,23,11,"584,701","22,488","13,167",324,0,0,"1,013",35,17,562,23,51,1,29,0,0,0,"485,263","17,214","8,563",29,17,0,"1,728",115,377,15,"2,539",164,0,0,0,0,0,0,0,0,75,5,"31,654","6,333",92,0,1
Season 15,D.Va,Tank,3,3,0,0,0,0,215,215,58,"6,752","6,752","1,713",5,0,0,10,10,4,7,7,0,0,0,0,0,0,"5,808","5,808","1,464",0,4,0,19,19,1,1,19,19,0,0,0,0,0,0,0,0,1,1,383,12,8,0,0
Season 15,Doomfist,Tank,8,2,0,0,1,1,93,40,16,"11,479","4,362","3,621",12,0,0,16,6,5,6,3,1,0,0,0,334,199,"10,496","4,112","3,249",0,5,0,112,57,8,4,132,63,0,0,0,0,0,0,0,0,0,0,843,110,65,0,0
Season 15,Echo,Damage,5,1,0,0,0,0,94,39,36,"17,458","6,923","6,906",9,0,0,16,6,5,11,4,2,0,0,0,113,63,"15,540","5,927","5,910",0,5,0,28,16,5,3,136,54,0,0,0,0,0,0,0,0,2,1,"1,006",158,46,0,0
Season 15,Genji,Damage,74,0,0,0,7,4,184,37,18,"76,532","17,508","6,992",49,0,0,133,31,15,59,13,7,0,1,0,713,259,"61,922","14,226","5,971",1,15,0,229,48,47,9,328,68,0,0,0,0,0,0,0,0,10,3,"4,668",693,47,0,0
Season 15,Hanzo,Damage,64,9,0,0,31,8,98,19,12,"102,463","12,357","6,364",65,0,0,186,26,15,122,22,8,0,4,0,0,0,"88,255","11,397","5,909",4,15,0,88,17,50,8,259,132,0,0,0,0,0,0,0,0,25,7,"5,888",999,73,0,0
Season 15,Illari,Support,40,15,0,0,2,1,55,19,9,"27,153","10,974","2,599",30,0,0,54,23,7,14,6,3,1,1,0,"61,542","22,820","21,179","8,269","1,974",1,7,0,57,21,20,10,321,140,6,3,0,0,0,0,"2,774","1,404",3,3,"3,211",330,59,"4,512",1
Season 15,Junker Queen,Tank,203,16,0,0,22,3,"1,894",162,86,"200,113","20,591","8,240",92,0,0,365,33,21,161,16,15,0,9,0,"44,138","4,033","171,649","14,975","7,445",9,21,0,934,109,152,23,"1,384",232,0,0,0,0,0,0,"39,425","3,527",14,2,"9,457","2,208",56,0,0
Season 15,Junkrat,Damage,5,1,0,0,0,0,0,0,0,"5,897","5,897","4,852",2,0,0,10,10,6,5,5,1,0,1,0,0,0,"4,780","4,780","3,910",1,6,0,0,0,2,2,4,4,1,1,0,0,0,0,0,0,2,2,380,36,15,0,0
Season 15,Juno,Support,143,22,0,0,0,0,0,0,0,"56,904","6,893","2,607",68,0,0,191,24,14,48,7,12,0,7,0,"137,319","19,039","42,396","5,676","2,145",7,14,0,464,218,77,13,"1,074",218,0,0,0,0,0,0,0,0,0,0,"8,039","1,242",57,0,0
Season 15,Kiriko,Support,92,26,0,0,18,4,114,13,12,"66,367","6,537","3,837",68,272,29,152,20,10,60,9,13,0,7,0,"167,613","22,338","52,499","5,184","3,837",7,10,0,370,108,49,8,"1,105",150,89,13,0,0,0,0,0,0,3,1,"9,352","1,303",65,0,0
Season 15,Lifeweaver,Support,11,26,0,0,0,0,58,49,12,"2,869","2,072",667,11,45,28,14,9,4,3,2,2,0,1,0,"30,384","13,708","2,551","1,820",667,1,4,0,130,66,9,6,375,289,0,0,0,0,0,0,"2,487","1,297",0,0,"1,483",171,39,0,0
Season 15,Lúcio,Support,13,11,0,0,0,0,15,6,4,"6,202","3,309","1,986",5,19,10,21,12,8,8,4,2,0,2,0,"10,727","5,182","4,166","1,922","1,538",2,8,0,60,42,9,7,101,54,11,7,0,0,0,0,"2,209","1,249",0,0,796,130,33,0,0
Season 15,Mei,Damage,140,20,0,0,0,0,0,0,0,"322,514","46,356","17,842",59,0,0,218,33,10,78,12,9,0,4,0,"11,828","1,674","92,121","12,998","4,487",4,10,0,466,108,98,15,"1,151",253,90,20,0,0,0,0,"11,828","1,674",4,2,"6,366","1,276",59,0,1
Season 15,Mercy,Support,3,14,0,0,0,0,8,4,4,830,400,320,14,21,13,3,2,2,0,0,2,0,0,0,"14,951","4,499",750,320,320,0,2,0,12,5,0,0,117,74,7,5,0,0,0,0,"1,224",530,0,0,"1,129",89,20,0,1
Season 15,Moira,Support,88,21,0,0,0,0,0,0,0,"37,481","13,207","3,106",34,120,26,124,29,13,36,10,6,0,3,0,"61,568","17,318","34,991","12,305","2,893",3,13,0,352,185,53,17,519,185,0,0,0,0,0,0,"9,638","3,501",5,3,"3,622",615,46,0,0
Season 15,Pharah,Damage,65,5,0,0,0,0,0,0,0,"82,492","10,221","5,438",46,0,0,144,20,11,78,13,6,0,4,0,0,0,"67,189","8,419","4,266",4,11,0,101,42,26,4,444,93,0,0,0,0,0,0,0,0,20,3,"4,207",703,40,0,1
Season 15,Ramattra,Tank,101,7,0,0,6,1,"1,261",233,97,"129,113","25,440","9,925",45,0,0,180,30,17,79,20,6,0,3,0,"2,815",631,"107,880","18,614","6,971",3,17,0,493,96,66,14,"1,078",263,27,7,0,0,0,0,0,0,7,3,"4,767","1,176",51,0,0
Season 15,Reaper,Damage,32,0,0,0,7,3,548,214,117,"30,166","7,530","5,739",15,0,0,54,18,11,22,10,3,0,1,0,"4,706","1,763","22,642","6,765","3,653",1,11,0,79,29,15,4,132,29,0,0,0,0,0,0,"4,706","1,763",5,3,"1,720",305,31,0,0
Season 15,Reinhardt,Tank,0,0,0,0,0,0,0,0,0,0,0,0,0,0,0,0,0,0,0,0,0,0,0,0,0,0,0,0,0,0,0,0,0,0,0,0,0,0,0,0,0,0,0,0,0,0,0,0,5,0,0,0,0
Season 15,Roadhog,Tank,1,1,0,0,0,0,27,27,26,"3,682","3,682","3,539",2,0,0,2,2,2,1,1,0,0,0,0,"2,535","2,535","2,891","2,891","2,748",0,2,0,46,46,1,1,46,46,1,1,0,0,0,0,"2,535","2,535",0,0,215,27,27,0,0
Season 15,Sigma,Tank,42,3,0,0,0,0,0,0,0,"73,206","17,513","10,921",25,0,0,87,19,14,45,12,4,0,2,0,0,0,"58,517","12,354","7,688",2,14,0,188,58,30,12,444,185,12,0,0,0,0,0,0,0,2,1,"2,998",665,69,0,1
Season 15,Sojourn,Damage,539,1,0,0,55,4,"3,779",144,66,"680,051","26,566","10,527",315,0,0,"1,122",35,21,583,20,51,1,27,0,0,0,"544,419","18,020","9,074",27,21,0,949,77,383,16,"2,522",121,0,0,0,0,0,0,0,0,64,5,"32,614","6,371",66,0,0
Season 15,Soldier: 76,Damage,98,7,0,0,6,3,278,42,23,"116,462","19,266","8,230",52,28,8,190,32,12,92,13,7,0,4,0,"15,165","2,645","93,669","13,932","6,526",4,12,0,185,82,66,12,454,152,0,0,0,0,0,0,"9,116","1,959",5,1,"5,530",821,81,0,0
Season 15,Sombra,Damage,483,20,0,0,50,5,"2,131",95,33,"339,274","24,620","6,525",228,0,0,754,52,18,271,24,31,1,13,0,"22,530","1,887","288,965","18,497","5,726",13,18,0,857,96,241,18,"2,432",160,272,20,0,0,0,0,0,0,36,4,"23,390","3,749",66,0,0
Season 15,Symmetra,Damage,190,8,0,0,0,0,0,0,0,"153,448","13,743","6,121",65,0,0,303,27,13,113,11,13,0,9,0,"1,700",195,"123,476","11,564","4,754",9,13,0,335,46,86,11,873,106,0,0,0,0,0,0,0,0,14,3,"8,054","1,611",60,0,1
Season 15,Torbjörn,Damage,2,0,0,0,2,1,11,8,8,"10,331","8,533","6,083",4,0,0,7,5,5,5,4,1,0,0,0,0,0,"8,377","6,579","4,811",0,5,0,0,0,1,1,0,0,0,0,0,0,0,0,0,0,2,2,452,109,29,0,0
Season 15,Tracer,Damage,8,0,0,0,3,2,336,124,122,"16,708","4,008","3,674",15,0,0,22,7,5,14,4,2,0,0,0,0,0,"14,836","4,008","3,674",0,5,0,60,22,12,4,65,22,0,0,0,0,0,0,"1,969",390,2,1,"1,275",76,23,0,1
Season 15,Venture,Damage,38,4,0,0,0,0,0,0,0,"29,169","8,842","3,297",25,0,0,64,22,8,24,9,4,0,3,0,0,0,"25,713","8,077","2,805",3,8,0,126,51,17,9,157,62,0,0,0,0,0,0,0,0,4,2,"2,294",242,42,0,1
Season 15,Widowmaker,Damage,45,5,0,0,41,10,124,27,10,"41,481","6,435","3,526",36,0,0,104,26,9,59,11,5,0,3,0,0,0,"36,407","6,025","2,864",3,9,0,8,4,23,5,206,90,0,0,1,40,60,12,0,0,17,3,"3,439",508,46,0,1
Season 15,Winston,Tank,79,5,0,0,0,0,0,0,0,"62,502","14,397","7,519",21,0,0,128,26,16,49,12,5,0,3,0,"1,744",783,"53,620","10,747","5,795",3,16,43,217,45,34,11,675,152,0,0,0,0,0,0,0,0,5,3,"2,899",712,60,0,1
Season 15,Wrecking Ball,Tank,2,1,0,0,0,0,16,11,9,"1,491","1,166",903,3,0,0,2,1,1,0,0,0,0,0,0,0,0,"1,261",936,673,0,1,0,10,6,0,0,10,6,0,0,0,0,0,0,0,0,0,0,108,0,0,0,0
Season 15,Zarya,Tank,19,7,0,0,0,0,0,0,0,"30,221","22,785","5,056",10,16,8,46,35,13,27,19,1,0,1,0,0,0,"22,178","16,856","3,372",1,13,0,128,116,19,17,385,312,1,1,0,0,0,0,0,0,2,1,"1,084",220,34,0,1
Season 15,Zenyatta,Support,8,10,0,0,0,0,10,9,4,"6,570","6,218","2,593",6,9,9,10,10,4,2,2,1,0,0,0,"6,732","6,478","5,021","4,668","2,193",0,4,0,7,7,2,2,96,96,7,6,0,0,0,0,200,200,1,1,480,117,34,0,0
Season 16,Ana,Support,90,29,0,0,0,0,0,0,0,"55,088","7,079","3,027",60,144,22,114,15,9,24,5,11,0,5,0,"126,285","16,679","42,415","4,575","1,985",5,9,0,108,34,44,9,"1,307",153,76,10,1,0,0,0,"2,409",382,2,1,"8,148","1,327",56,0,1
Season 16,Ashe,Damage,131,7,0,0,37,4,280,28,14,"202,732","19,430","10,325",103,0,0,275,29,18,144,18,14,0,6,0,0,0,"173,665","16,586","8,048",6,18,0,212,23,85,10,"1,302",165,0,0,1,37,236,22,0,0,18,3,"10,243","1,724",72,0,1
Season 16,Baptiste,Support,31,34,0,0,3,2,50,24,11,"13,174","5,621","2,446",16,88,36,50,21,7,19,7,4,0,3,1,"48,213","20,854","11,693","5,409","2,334",3,7,0,30,9,16,7,222,133,12,6,0,0,0,0,"2,634","1,169",0,0,"2,435",464,40,0,0
Season 16,Bastion,Damage,19,3,0,0,0,0,16,7,5,"23,130","10,810","6,804",8,0,0,32,20,14,13,11,1,0,1,0,0,0,"17,324","8,424","5,375",1,14,0,11,4,8,4,163,97,0,0,0,0,0,0,0,0,1,1,906,268,52,0,0
Season 16,Brigitte,Support,32,27,0,0,0,0,0,0,0,"27,134","6,138","2,260",34,119,34,49,18,8,17,8,8,0,5,0,"53,996","10,270","20,648","4,355","2,120",5,8,0,170,33,18,5,242,44,23,0,0,0,0,0,"5,804",0,1,1,"3,539",293,36,0,0
Season 16,Cassidy,Damage,265,6,0,0,54,4,370,22,18,"326,603","17,183","7,062",200,0,0,569,41,18,304,22,32,0,17,0,"3,423",299,"279,049","16,421","5,657",17,18,0,966,161,221,18,"2,042",180,0,0,0,0,0,0,0,0,43,7,"19,063","3,109",44,0,1
Season 16,Echo,Damage,0,0,0,0,0,0,2,2,2,549,549,549,1,0,0,0,0,0,0,0,0,0,0,0,0,0,300,300,300,0,0,0,0,0,0,0,0,0,0,0,0,0,0,0,0,0,0,0,54,0,0,0,0
Season 16,Freja,Damage,0,0,0,0,0,0,0,0,0,"2,125","1,527","1,467",2,0,0,1,1,1,1,1,0,0,0,0,0,0,"1,885","1,377","1,317",0,1,0,5,4,0,0,11,6,0,0,0,0,0,0,0,0,0,0,232,0,0,0,0
Season 16,Genji,Damage,12,1,0,0,0,0,21,19,4,"9,620","8,685","2,272",8,0,0,19,19,6,7,7,1,0,1,0,298,298,"8,150","7,371","1,693",1,6,0,27,26,3,3,37,30,0,0,0,0,0,0,0,0,0,0,644,66,32,0,0
Season 16,Hanzo,Damage,44,22,0,0,23,9,48,16,11,"53,357","20,928","7,049",22,0,0,94,49,17,50,23,4,0,2,0,0,0,"41,722","17,374","5,265",2,17,0,38,33,26,15,210,116,0,0,0,0,0,0,0,0,8,3,"2,880",540,54,0,0
Season 16,Illari,Support,11,10,0,0,1,1,15,10,5,"4,588","3,662","1,430",3,0,0,19,18,9,8,7,1,0,1,0,"11,846","7,876","4,320","3,445","1,332",1,9,0,1,1,6,6,1,1,1,1,0,0,0,0,676,439,2,1,647,75,15,578,0
Season 16,Juno,Support,85,25,0,0,0,0,0,0,0,"33,174","6,188","2,745",38,0,0,109,24,11,24,8,7,0,4,0,"84,066","20,347","24,181","4,808","1,978",4,11,0,271,129,35,6,473,129,0,0,0,0,0,0,0,0,3,2,"5,104",657,48,0,0
Season 16,Kiriko,Support,55,22,0,0,13,2,68,7,5,"40,719","3,736","2,940",63,173,19,89,17,6,34,4,12,0,5,0,"115,029","9,733","29,967","3,596","1,568",5,6,0,393,180,32,6,746,180,60,9,0,0,0,0,0,0,5,2,"7,134","1,003",58,0,0
Season 16,Lifeweaver,Support,5,11,0,0,0,0,22,22,22,811,715,715,4,13,11,6,6,6,1,1,1,0,1,0,"10,555","7,693",811,715,715,1,6,0,2,2,2,2,2,2,0,0,0,0,0,0,749,565,0,0,572,30,15,0,0
Season 16,Lúcio,Support,16,11,0,0,1,1,45,18,10,"13,302","4,811","1,603",17,28,11,32,14,7,15,7,3,0,1,0,"16,906","8,335","9,740","3,545","1,302",1,7,0,136,96,9,4,162,96,16,7,0,0,0,0,"3,925","1,794",0,0,"1,560",271,52,0,0
Season 16,Mei,Damage,24,4,0,0,0,0,0,0,0,"80,988","16,517","8,542",16,0,0,36,8,7,12,3,2,0,1,0,"2,101",426,"23,720","4,778","2,057",1,7,0,64,20,11,5,219,119,15,4,0,0,0,0,"2,101",426,1,1,"1,699",229,48,0,1
Season 16,Mercy,Support,1,13,0,0,0,0,3,2,2,160,100,100,12,31,11,1,1,1,0,0,2,0,0,0,"25,502","9,707",160,100,100,0,1,0,19,8,0,0,28,12,9,4,0,0,0,0,"1,670",944,0,0,"1,401",213,36,0,0
Season 16,Moira,Support,50,18,0,0,0,0,0,0,0,"39,306","10,628","5,517",33,72,20,74,20,8,24,7,5,0,2,0,"55,052","15,106","35,026","9,433","4,850",2,8,0,201,96,31,14,240,114,0,0,0,0,0,0,"11,774","4,200",2,1,"3,288",383,29,0,0
Season 16,Pharah,Damage,11,4,0,0,0,0,0,0,0,"22,464","5,703","5,011",12,0,0,29,11,7,18,9,2,0,1,0,0,0,"19,142","4,909","4,571",1,7,0,22,20,7,3,59,23,0,0,0,0,0,0,0,0,1,1,"1,105",195,43,0,1
Season 16,Reaper,Damage,19,0,0,0,4,2,249,131,66,"14,061","7,835","2,985",4,0,0,38,26,11,19,13,2,0,2,0,"2,265","1,509","11,710","7,022","2,948",2,11,0,77,57,11,9,169,93,0,0,0,0,0,0,"2,265","1,509",1,1,843,202,39,0,0
Season 16,Sojourn,Damage,167,0,0,0,7,2,"1,062",102,31,"193,612","19,104","7,263",119,0,0,323,36,13,156,17,17,0,7,0,0,0,"161,654","16,119","5,007",7,13,0,439,115,86,11,"1,312",144,0,0,0,0,0,0,0,0,22,5,"11,215","1,675",50,0,0
Season 16,Soldier: 76,Damage,102,7,0,0,11,2,367,36,22,"102,742","12,469","5,335",57,34,12,192,31,11,90,17,8,0,4,0,"15,339","1,556","95,322","10,804","5,221",4,11,0,74,16,44,7,278,106,0,0,0,0,0,0,"9,319",925,9,2,"5,846",858,41,0,1
Season 16,Sombra,Damage,16,4,0,0,2,1,80,30,24,"11,614","3,903","3,447",10,0,0,28,14,14,12,7,1,0,1,0,260,160,"10,564","3,461","3,005",1,14,0,26,13,12,8,30,14,10,4,0,0,0,0,0,0,0,0,764,95,29,0,1
Season 16,Symmetra,Damage,43,5,0,0,0,0,0,0,0,"46,699","9,605","5,187",32,0,0,77,17,9,34,11,4,0,2,0,107,34,"42,106","9,398","4,621",2,9,0,164,46,28,7,544,179,0,0,0,0,0,0,0,0,3,2,"3,007",589,46,0,1
Season 16,Tracer,Damage,124,0,0,0,9,2,"1,417",190,84,"89,751","11,230","6,102",53,0,0,210,33,13,86,14,11,0,6,0,0,0,"76,071","8,577","5,648",6,13,0,528,93,74,12,606,93,0,0,0,0,0,0,"9,895","1,622",19,4,"6,681","1,015",43,0,0
Season 16,Venture,Damage,3,1,0,0,0,0,0,0,0,"1,590","1,033",633,2,0,0,4,3,3,1,1,0,0,0,0,0,0,"1,438","1,013",613,0,3,0,25,17,3,3,27,19,0,0,0,0,0,0,0,0,0,0,177,9,9,0,1
Season 16,Widowmaker,Damage,5,2,0,0,4,2,10,3,3,"5,316","2,258","1,792",8,0,0,13,6,6,8,4,1,0,1,0,0,0,"5,107","2,049","1,583",1,6,0,1,1,2,2,5,4,0,0,1,4,7,3,0,0,3,2,606,55,24,0,1
Season 16,Zenyatta,Support,0,0,0,0,0,0,0,0,0,538,538,488,1,0,0,0,0,0,0,0,0,0,0,0,382,382,538,538,488,0,0,0,0,0,0,0,0,0,0,0,0,0,0,0,0,0,0,0,44,0,0,0,0
Season 17,Ana,Support,71,26,0,0,0,0,0,0,0,"31,958","5,666","2,518",39,120,23,88,17,9,17,5,8,0,6,0,"82,835","13,687","23,113","4,701","1,859",6,9,0,49,12,25,5,641,161,62,12,1,0,0,0,"1,417",333,4,3,"5,325",613,70,0,1
Season 17,Ashe,Damage,118,8,0,0,18,3,157,20,12,"129,797","17,928","5,760",75,0,0,231,30,11,113,17,11,1,5,0,0,0,"114,929","17,129","5,184",5,11,0,159,38,80,12,989,170,0,0,1,15,112,13,0,0,9,2,"7,169","1,090",81,0,1
Season 17,Baptiste,Support,17,17,0,0,1,1,21,9,5,"8,536","3,363","1,540",14,34,17,20,9,6,3,2,2,0,1,1,"20,370","8,113","5,984","2,488","1,388",1,6,0,13,12,7,5,73,62,2,2,0,0,0,0,"1,079",584,0,0,"1,486",67,31,0,0
Season 17,Bastion,Damage,7,0,0,0,0,0,26,26,26,"10,316","10,316","9,176",1,0,0,15,15,11,8,8,1,0,1,0,0,0,"8,901","8,901","7,762",1,11,0,5,5,2,2,5,5,0,0,0,0,0,0,0,0,0,0,393,98,22,0,0
Season 17,Brigitte,Support,19,30,0,0,0,0,0,0,0,"16,526","7,997","2,107",25,67,40,34,21,6,15,11,2,0,1,0,"36,506","17,526","12,440","5,525","1,787",1,6,0,118,78,13,7,306,254,16,0,0,0,0,0,"3,750",0,0,0,"2,252",267,52,0,0
Season 17,Cassidy,Damage,85,3,0,0,15,2,113,14,8,"104,064","11,425","5,632",69,0,0,160,21,13,75,9,10,0,4,0,"1,233",177,"88,327","9,710","4,268",4,13,0,247,82,72,11,496,118,0,0,0,0,0,0,0,0,13,2,"6,091",877,59,0,1
Season 17,D.Va,Tank,4,1,0,0,1,1,272,272,117,"7,762","7,762","3,082",4,0,0,9,9,5,5,5,1,0,0,0,869,869,"6,575","6,575","2,736",0,5,0,29,29,4,4,58,58,0,0,0,0,0,0,0,0,0,0,398,105,44,0,0
Season 17,Doomfist,Tank,53,9,0,0,11,5,638,178,90,"56,019","12,702","6,998",32,0,0,121,35,19,68,21,5,0,2,0,"1,951",538,"48,006","11,794","6,998",2,19,0,304,100,47,18,424,104,0,0,0,0,0,0,0,0,15,7,"3,296",674,45,0,0
Season 17,Genji,Damage,3,0,0,0,1,1,3,3,3,"2,317","2,317","1,394",4,0,0,4,4,2,1,1,0,0,0,0,0,0,"1,623","1,623",912,0,2,0,10,10,0,0,13,13,0,0,0,0,0,0,0,0,0,0,209,0,0,0,0
Season 17,Hanzo,Damage,9,6,0,0,5,3,13,9,6,"16,535","9,407","4,563",10,0,0,21,11,4,12,6,1,0,0,0,0,0,"9,251","4,558","2,179",0,4,0,3,2,1,1,85,70,0,0,0,0,0,0,0,0,3,2,989,83,19,0,1
Season 17,Hazard,Tank,1,0,0,0,0,0,0,0,0,"6,205","6,205","3,034",2,0,0,3,3,2,2,2,0,0,0,0,0,0,"2,708","2,708","1,321",0,2,0,20,20,0,0,20,20,0,0,0,0,0,0,0,0,0,0,192,0,0,0,0
Season 17,Illari,Support,5,2,0,0,0,0,4,4,4,"2,790","2,790","2,790",0,0,0,6,6,6,1,1,0,0,0,0,"3,466","3,466","1,756","1,756","1,756",0,6,0,1,1,2,2,1,1,0,0,0,0,0,0,240,240,0,0,240,15,15,655,0
Season 17,Junker Queen,Tank,4,4,0,0,1,1,62,62,26,"5,005","5,005","1,987",5,0,0,7,7,3,3,3,0,0,0,0,672,672,"4,709","4,709","1,887",0,3,0,24,24,3,3,30,30,0,0,0,0,0,0,629,629,0,0,286,36,20,0,0
Season 17,Junkrat,Damage,25,5,0,0,0,0,0,0,0,"30,073","11,635","6,776",14,0,0,43,21,7,18,11,2,0,2,0,0,0,"21,856","9,442","4,502",2,7,0,29,12,9,6,46,26,13,5,0,0,0,0,0,0,3,2,"1,518",193,28,0,0
Season 17,Juno,Support,21,24,0,0,0,0,0,0,0,"7,109","5,906","2,596",7,0,0,24,20,9,3,3,1,0,1,0,"18,692","14,769","4,426","3,831","1,862",1,9,0,4,3,10,9,41,27,0,0,0,0,0,0,0,0,0,0,923,132,31,0,0
Season 17,Kiriko,Support,1,12,0,0,0,0,0,0,0,917,917,917,0,14,14,4,4,4,3,3,0,0,0,0,"4,079","4,079",197,197,197,0,4,0,23,23,2,2,23,23,0,0,0,0,0,0,0,0,0,0,202,22,15,0,0
Season 17,Lifeweaver,Support,5,24,0,0,1,1,53,41,16,"3,306","2,598","1,601",13,41,25,9,6,3,4,3,2,0,0,0,"25,488","11,889","2,029","1,610",673,0,3,0,10,5,2,2,88,41,0,0,0,0,0,0,"1,775","1,159",1,1,"1,482",79,19,0,0
Season 17,Lúcio,Support,89,30,0,0,3,2,104,17,8,"39,818","6,992","3,979",52,108,22,117,28,10,25,5,9,0,5,0,"56,809","8,545","33,763","6,243","2,766",5,10,0,209,37,32,8,279,44,84,22,0,0,0,0,"10,427","1,518",1,1,"5,107",435,36,0,0
Season 17,Mei,Damage,9,3,0,0,0,0,0,0,0,"19,895","12,666","10,258",3,0,0,14,11,7,5,3,1,0,0,0,476,265,"4,868","2,809","1,677",0,7,0,14,9,3,2,14,9,4,3,0,0,0,0,476,265,2,2,428,65,35,0,1
Season 17,Mercy,Support,6,6,0,0,0,0,0,0,0,20,20,20,1,5,5,0,0,0,0,0,0,0,0,0,"2,370","2,370",20,20,20,0,0,0,1,1,0,0,13,13,2,2,0,0,0,0,15,15,0,0,177,53,38,0,0
Season 17,Moira,Support,21,17,0,0,0,0,0,0,0,"8,442","4,394","2,443",9,26,18,24,15,8,3,2,2,0,1,0,"21,117","13,287","7,995","4,048","2,443",1,8,0,45,22,8,6,69,41,0,0,0,0,0,0,"2,896","1,453",0,0,965,106,37,0,0
Season 17,Pharah,Damage,5,1,0,0,0,0,0,0,0,"11,352","6,916","4,605",6,0,0,14,10,9,9,7,1,0,0,0,0,0,"10,412","6,236","3,925",0,9,0,1,1,0,0,3,2,0,0,0,0,0,0,0,0,1,1,635,57,27,0,1
Season 17,Ramattra,Tank,23,6,0,0,1,1,302,244,68,"37,723","25,934","7,831",10,0,0,46,32,12,23,15,1,0,0,0,"2,417","2,296","30,023","22,213","5,756",0,12,0,184,145,20,13,346,307,5,5,0,0,0,0,0,0,1,1,"1,419",371,52,0,0
Season 17,Reaper,Damage,22,0,0,0,1,1,304,76,58,"18,229","4,706","2,698",13,0,0,34,12,8,12,3,2,0,1,0,"2,081",590,"12,068","3,213","1,902",1,8,0,71,35,14,7,267,90,0,0,0,0,0,0,"2,081",590,2,2,"1,223",97,15,0,0
Season 17,Reinhardt,Tank,1,0,0,0,0,0,0,0,0,"4,543","4,543","2,944",4,0,0,7,7,5,6,6,0,0,0,0,0,0,"4,543","4,543","2,944",0,5,0,14,14,3,3,14,14,0,0,0,0,0,0,0,0,0,0,260,35,20,0,0
Season 17,Roadhog,Tank,3,0,0,0,1,1,57,31,31,"5,533","3,245","2,289",3,0,0,5,5,5,2,2,0,0,0,0,"2,702","1,583","3,655","2,283","2,283",0,5,0,7,7,2,2,12,12,0,0,0,0,0,0,"2,702","1,583",0,0,229,30,30,0,0
Season 17,Sigma,Tank,10,5,0,0,0,0,0,0,0,"10,190","6,094","6,094",3,0,0,16,15,15,6,6,2,0,1,0,0,0,"8,518","5,629","5,629",1,15,0,32,23,6,6,68,45,5,0,0,0,0,0,0,0,0,0,493,111,48,0,1
Season 17,Sojourn,Damage,54,0,0,0,4,2,222,62,31,"50,183","13,051","6,029",23,0,0,88,20,12,34,8,4,0,0,0,0,0,"38,684","10,599","4,451",0,12,0,57,13,29,9,187,112,0,0,0,0,0,0,0,0,4,2,"2,592",402,43,0,1
Season 17,Soldier: 76,Damage,16,1,0,0,7,3,61,26,18,"20,863","11,340","6,113",9,4,2,30,15,7,14,6,2,0,1,0,"2,504",774,"15,328","7,091","4,254",1,7,0,6,5,10,5,41,40,0,0,0,0,0,0,"2,128",692,2,2,968,118,23,0,0
Season 17,Sombra,Damage,8,5,0,0,1,1,92,49,15,"18,037","6,911","2,725",16,0,0,17,7,4,9,3,2,0,0,0,655,244,"16,816","6,325","2,725",0,4,0,38,15,6,4,60,17,9,4,0,0,0,0,0,0,3,2,"1,531",112,21,0,0
Season 17,Symmetra,Damage,39,6,0,0,0,0,0,0,0,"36,761","10,301","6,153",12,0,0,67,21,14,28,8,3,1,2,0,563,280,"25,175","6,153","3,945",2,14,0,57,18,14,7,272,107,0,0,0,0,0,0,0,0,2,1,"1,836",385,40,0,1
Season 17,Tracer,Damage,63,0,0,0,8,5,762,140,58,"41,067","9,414","4,720",34,0,0,100,24,9,37,12,7,0,3,0,0,0,"34,375","6,727","2,465",3,9,0,127,28,27,6,164,29,0,0,0,0,0,0,"4,429",941,6,3,"3,419",306,40,0,1
Season 17,Venture,Damage,25,3,0,0,0,0,0,0,0,"22,342","14,303","3,096",14,0,0,42,25,6,16,12,2,0,1,0,0,0,"20,304","12,340","2,767",1,6,0,89,52,15,10,110,65,0,0,0,0,0,0,0,0,1,1,"1,430",206,32,0,0
Season 17,Widowmaker,Damage,1,0,0,0,1,1,1,1,1,"1,008","1,008","1,008",0,0,0,3,3,3,2,2,0,0,0,0,0,0,"1,008","1,008","1,008",0,3,0,1,1,2,2,1,1,0,0,1,1,1,1,0,0,0,0,107,0,0,0,0
Season 17,Winston,Tank,0,0,0,0,0,0,0,0,0,87,87,87,0,0,0,0,0,0,0,0,0,0,0,0,0,0,0,0,0,0,0,0,0,0,0,0,0,0,0,0,0,0,0,0,0,0,0,0,10,0,0,0,0
